Age,Gender,Purchase Amount (USD),Review Rating,Subscription Status,Discount Applied,Previous Purchases,Item Purchased,Category,Location,Size,Color,Season,Payment Method,Shipping Type,Preferred Payment Method,Frequency of Purchases
55,1,53,3.1,1,1,14,1,0,15,0,6,2,1,0,4,2
19,1,64,3.1,1,1,2,22,0,17,0,11,2,0,0,0,2
50,1,73,3.1,1,1,23,10,0,19,1,11,0,0,1,1,5
21,1,90,3.5,1,1,49,13,1,37,0,11,0,3,2,3,5
45,1,49,2.7,1,1,31,1,0,35,0,20,0,0,1,3,0
46,1,20,2.9,1,1,14,19,1,48,0,22,1,4,3,4,5
63,1,85,3.2,1,1,49,15,0,24,0,6,0,2,1,0,4
27,1,34,3.2,1,1,19,17,0,16,0,3,2,2,1,1,5
26,1,97,2.6,1,1,8,3,2,46,0,18,1,4,0,4,0
57,1,31,4.8,1,1,4,6,0,23,0,15,0,3,0,0,4
53,1,34,4.1,1,1,26,16,1,2,0,16,0,1,4,0,0
30,1,68,4.9,1,1,10,17,0,9,1,12,2,3,4,0,2
61,1,72,4.5,1,1,37,3,2,6,0,5,2,3,0,4,2
65,1,51,4.7,1,1,31,4,0,27,0,21,0,2,0,3,5
64,1,53,4.7,1,1,34,3,2,30,0,19,2,3,1,2,5
64,1,81,2.8,1,1,8,18,0,37,0,19,2,1,4,3,3
25,1,36,4.1,1,1,44,21,0,0,1,6,0,4,2,2,0
53,1,38,4.7,1,1,36,4,0,22,2,9,2,2,0,4,4
52,1,48,4.6,1,1,17,22,0,24,1,0,1,0,1,0,5
66,1,90,3.3,1,1,46,12,0,37,0,7,1,4,3,2,0
21,1,51,2.8,1,1,50,12,0,16,0,0,2,1,0,0,1
31,1,62,4.1,1,1,22,12,0,31,0,3,2,1,4,2,4
56,1,37,3.2,1,1,32,12,0,3,0,14,1,0,4,2,0
31,1,88,4.4,1,1,40,12,0,34,2,22,2,1,0,1,5
18,1,22,2.9,1,1,16,9,2,7,0,7,0,0,4,2,5
18,1,25,3.6,1,1,14,8,0,41,0,18,1,0,0,3,0
38,1,20,3.6,1,1,13,11,0,26,0,17,0,0,2,1,0
56,1,56,5.0,1,1,7,17,0,15,0,4,1,2,2,0,1
54,1,94,4.4,1,1,41,6,0,31,0,6,0,2,1,3,1
31,1,48,4.1,1,1,14,4,0,48,1,0,0,4,4,1,5
57,1,31,4.7,1,1,16,11,0,31,0,0,2,0,3,1,3
33,1,79,4.7,1,1,45,4,0,46,0,2,2,4,4,4,3
36,1,67,4.9,1,1,37,9,2,14,0,18,1,0,1,4,0
54,1,38,3.3,1,1,45,12,0,4,0,7,1,4,4,0,4
36,1,91,4.6,1,1,38,23,0,32,0,21,0,2,0,3,4
54,1,33,4.0,1,1,48,1,0,19,0,4,1,0,0,1,0
35,1,69,4.6,1,1,44,23,0,11,0,11,2,0,1,3,2
35,1,45,2.8,1,1,10,10,0,12,1,4,1,2,4,3,5
29,1,37,3.7,1,1,44,4,0,7,0,17,2,2,0,4,1
70,1,60,4.2,1,1,18,12,0,1,1,20,1,0,0,1,3
69,1,76,4.6,1,1,31,6,0,16,0,0,2,3,2,2,4
67,1,39,4.5,1,1,40,14,0,0,0,13,0,0,3,4,0
20,1,100,4.1,1,1,15,3,2,40,0,0,0,0,1,3,0
25,1,69,3.7,1,1,19,14,0,33,0,9,0,3,4,3,2
39,1,53,4.6,1,1,45,7,0,15,1,18,1,0,1,3,5
50,1,21,2.9,1,1,25,20,0,40,2,8,0,4,0,3,0
57,1,43,2.9,1,1,45,15,0,3,0,22,1,4,4,0,4
55,1,54,4.5,1,1,36,11,0,24,0,3,2,2,1,0,5
42,1,55,2.7,1,1,38,15,0,26,0,13,1,2,4,0,3
68,1,30,4.6,1,1,34,8,0,28,1,8,0,0,2,2,0
49,1,28,3.7,1,1,39,1,0,18,0,17,0,0,4,2,0
59,1,59,4.7,1,1,7,18,0,43,2,6,2,3,0,1,4
42,1,20,2.6,1,1,26,23,0,0,0,7,1,1,1,1,5
29,1,24,3.9,1,1,35,18,0,22,1,14,2,2,2,1,5
47,1,94,4.2,1,1,35,3,2,29,0,2,1,0,2,2,0
40,1,28,3.0,1,1,49,9,2,38,0,9,2,4,0,1,0
41,1,73,4.7,1,1,46,0,0,22,2,2,1,3,4,1,5
21,1,64,4.4,1,1,17,3,2,46,0,22,1,3,4,2,2
69,1,54,4.2,1,1,29,8,0,23,0,3,1,1,1,4,3
63,1,79,4.6,1,1,4,0,0,16,0,23,0,2,3,2,5
50,1,37,4.0,1,1,17,22,0,10,0,2,1,1,0,0,5
55,1,68,4.7,1,1,21,14,0,41,0,13,2,0,4,1,1
30,1,21,3.8,1,1,31,19,1,22,1,10,0,1,1,1,2
33,1,79,2.7,1,1,43,21,0,1,0,9,2,1,0,1,5
65,1,83,4.8,1,1,18,2,1,0,1,7,0,3,3,2,2
65,1,36,4.8,1,1,44,0,0,28,0,16,0,1,0,4,1
31,1,94,4.7,1,1,3,1,0,36,1,10,2,0,0,4,1
45,1,33,4.4,1,1,49,3,2,5,0,6,2,3,4,2,3
57,1,46,3.9,1,1,21,6,0,42,0,18,1,1,2,0,1
48,1,70,4.4,1,1,5,0,0,40,1,4,1,1,0,0,5
22,1,29,4.2,1,1,32,0,0,0,0,10,0,1,0,2,1
36,1,48,2.9,1,1,34,4,0,44,0,5,1,2,0,0,0
18,1,26,2.9,1,1,21,4,0,8,0,12,2,2,4,0,1
48,1,85,2.7,1,1,43,12,0,9,0,19,0,2,1,0,0
49,1,58,4.5,1,1,3,5,0,12,0,21,0,3,0,0,3
64,1,85,2.7,1,1,21,14,0,42,0,1,1,2,1,1,0
50,1,43,4.2,1,1,32,7,0,6,1,19,1,0,1,4,3
22,1,53,3.3,1,1,36,4,0,6,0,5,1,2,2,2,2
50,1,91,4.7,1,1,50,18,0,25,0,11,0,4,1,4,2
38,1,96,2.6,1,1,43,9,2,13,0,12,2,0,0,0,1
19,1,72,3.3,1,1,24,13,1,30,2,1,1,1,4,1,1
67,1,96,2.6,1,1,36,16,1,44,0,11,1,3,0,1,1
19,1,28,4.0,1,1,21,12,0,8,1,12,0,0,0,1,1
36,1,40,4.1,1,1,34,4,0,41,0,20,1,2,3,0,5
52,1,32,4.4,1,1,42,3,2,1,1,14,0,0,3,0,1
53,1,95,4.5,1,1,2,21,0,29,0,3,2,1,2,2,0
24,1,41,3.7,1,1,47,8,0,26,0,15,0,4,0,0,0
52,1,53,3.7,1,1,44,16,1,33,0,7,0,2,0,2,2
33,1,47,3.5,1,1,35,23,0,48,0,13,0,1,1,1,3
47,1,83,3.6,1,1,15,9,2,3,2,15,0,0,2,0,4
25,1,48,2.9,1,1,29,7,0,38,0,21,1,4,0,1,3
44,1,99,4.6,1,1,18,14,0,38,1,7,2,3,3,1,1
61,1,87,4.4,1,1,13,9,2,41,0,12,2,0,0,4,1
37,1,62,4.5,1,1,46,22,0,7,0,16,0,3,3,1,5
58,1,76,4.6,1,1,28,18,0,26,1,18,0,0,1,1,5
37,1,100,3.8,1,1,48,19,1,23,0,15,0,3,1,3,3
32,1,73,3.6,1,1,43,5,0,6,1,5,0,4,0,4,1
21,1,92,4.8,1,1,37,16,1,44,0,19,2,3,4,0,0
20,1,67,2.6,1,1,20,10,0,30,2,19,0,0,2,0,0
26,1,40,3.7,1,1,33,8,0,23,2,8,1,0,0,2,4
62,1,98,2.7,1,1,31,21,0,39,0,11,0,3,0,0,2
27,1,85,4.6,1,1,50,3,2,32,2,22,0,4,0,1,0
51,1,67,4.8,1,1,35,20,0,34,0,21,2,1,2,1,4
54,1,89,4.0,1,1,22,2,1,46,0,17,2,2,2,4,0
55,1,24,4.4,1,1,1,21,0,27,0,15,0,0,0,3,3
69,1,96,3.6,1,1,4,0,0,30,0,3,0,0,2,0,0
64,1,35,3.7,1,1,31,9,2,21,0,22,1,0,3,1,3
28,1,67,3.1,1,1,46,19,1,18,0,12,2,0,2,3,2
70,1,79,3.4,1,1,32,20,0,24,0,16,0,0,2,0,0
58,1,85,2.6,1,1,43,23,0,0,0,21,0,0,2,0,2
56,1,26,4.0,1,1,26,0,0,30,0,0,1,0,3,4,2
26,1,75,5.0,1,1,9,0,0,19,0,16,1,3,1,1,0
37,1,65,4.3,1,1,28,5,0,7,0,17,0,1,1,3,0
44,1,54,3.1,1,1,20,7,0,28,0,11,2,2,2,3,4
70,1,95,3.7,1,1,9,3,2,19,1,1,1,4,4,0,5
53,1,94,3.8,1,1,48,18,0,48,0,6,0,0,3,2,1
55,1,86,3.4,1,1,12,16,1,44,1,1,0,3,1,4,0
50,1,32,4.6,1,1,29,13,1,39,0,23,1,0,0,0,2
50,1,45,4.8,1,1,27,22,0,15,0,13,0,0,0,0,0
38,1,76,4.3,1,1,44,3,2,48,0,13,0,2,0,0,0
64,1,84,4.0,1,1,32,7,0,46,0,17,1,3,0,0,0
19,1,72,4.2,1,1,11,17,0,44,0,12,2,0,3,0,2
40,1,40,4.8,1,1,44,0,0,45,0,2,0,1,0,0,2
57,1,89,3.1,1,1,46,22,0,16,0,2,0,2,1,0,5
44,1,86,3.1,1,1,50,22,0,26,0,6,0,3,2,3,0
49,1,54,3.6,1,1,45,17,0,3,0,8,2,0,2,4,1
43,1,36,3.9,1,1,48,17,0,22,0,15,0,0,4,0,1
24,1,89,4.8,1,1,26,22,0,22,0,6,2,4,2,1,5
20,1,32,4.7,1,1,21,14,0,3,0,5,0,4,3,1,2
24,1,67,4.2,1,1,49,4,0,36,2,12,1,0,0,3,0
44,1,39,3.7,1,1,13,14,0,15,0,21,0,1,2,3,2
28,1,29,3.9,1,1,46,18,0,17,0,8,1,3,3,1,5
30,1,58,4.7,1,1,42,0,0,29,0,13,0,0,0,3,5
52,1,65,2.5,1,1,25,22,0,24,0,21,2,0,2,4,0
43,1,94,4.9,1,1,25,7,0,41,0,6,0,1,4,0,3
43,1,81,4.1,1,1,12,13,1,14,0,16,0,3,0,3,4
39,1,86,3.3,1,1,4,1,0,38,0,22,2,1,1,2,4
68,1,43,4.7,1,1,38,19,1,4,0,20,0,0,1,3,5
68,1,29,4.4,1,1,42,18,0,8,0,11,2,0,4,0,5
49,1,95,3.8,1,1,30,3,2,7,0,22,0,2,4,4,0
63,1,28,3.9,1,1,50,15,0,31,0,23,0,0,0,1,5
56,1,46,4.9,1,1,45,5,0,44,0,20,0,3,1,3,5
37,1,58,3.1,1,1,33,9,2,25,0,21,0,3,1,1,2
30,1,48,2.7,1,1,25,3,2,23,0,0,0,0,4,3,4
19,1,43,3.2,1,1,25,16,1,28,0,18,0,1,0,0,3
24,1,95,4.5,1,1,44,11,0,23,0,19,0,4,3,2,4
52,1,30,4.0,1,1,21,18,0,4,1,0,0,2,3,4,2
63,1,64,3.5,1,1,31,16,1,10,0,16,1,0,0,0,2
37,1,90,2.6,1,1,47,5,0,48,0,6,0,3,4,2,0
38,1,76,3.2,1,1,14,12,0,6,0,22,1,4,1,3,3
35,1,96,4.9,1,1,17,2,1,3,0,4,0,0,3,2,1
28,1,47,4.5,1,1,3,21,0,32,0,20,0,2,2,4,0
30,1,85,4.3,1,1,42,15,0,38,1,2,1,3,0,4,0
69,1,55,3.2,1,1,22,8,0,31,0,11,2,2,3,2,0
41,1,98,3.6,1,1,21,4,0,34,0,3,0,2,2,4,4
63,1,77,4.3,1,1,21,20,0,17,1,12,0,0,1,0,4
35,1,26,4.0,1,1,40,17,0,23,0,9,0,4,3,2,0
36,1,68,3.0,1,1,1,7,0,43,1,23,0,2,2,0,2
25,1,73,4.1,1,1,50,15,0,5,2,19,0,0,3,0,3
58,1,27,3.8,1,1,39,5,0,27,0,3,0,2,4,0,1
27,1,23,4.6,1,1,34,5,0,41,0,13,1,0,1,4,3
65,1,49,3.0,1,1,29,0,0,32,0,12,0,4,0,4,2
54,1,74,3.0,1,1,31,21,0,3,0,20,1,1,4,3,0
54,1,67,3.4,1,1,8,18,0,44,0,16,1,3,3,2,5
59,1,65,2.6,1,1,5,6,0,6,1,16,0,2,1,1,2
42,1,60,2.8,1,1,7,6,0,15,1,23,2,1,4,0,3
46,1,31,4.0,1,1,30,19,1,6,2,8,0,0,4,0,3
33,1,27,4.0,1,1,14,5,0,2,0,7,0,4,0,1,1
34,1,80,3.0,1,1,5,16,1,16,0,10,1,0,0,0,2
27,1,30,3.3,1,1,3,9,2,26,1,5,1,1,3,3,1
52,1,25,2.6,1,1,46,15,0,48,0,11,0,4,4,4,0
29,1,35,3.6,1,1,4,17,0,44,0,1,1,2,4,1,5
54,1,67,3.9,1,1,42,11,0,25,0,21,1,0,2,1,0
25,1,46,3.4,1,1,30,7,0,9,0,20,0,3,3,0,0
41,1,35,3.5,1,1,37,16,1,43,0,2,2,4,0,4,0
53,1,86,2.8,1,1,2,3,2,34,0,21,0,2,2,0,0
53,1,81,2.7,1,1,30,0,0,27,0,0,0,0,2,1,4
21,1,42,3.7,1,1,47,8,0,14,0,10,0,2,2,0,3
61,1,43,4.3,1,1,21,18,0,10,0,9,0,2,0,3,4
64,1,31,4.9,1,1,9,2,1,11,0,21,0,2,4,0,2
51,1,81,3.3,1,1,12,13,1,39,0,7,0,0,4,2,2
32,1,61,4.7,1,1,4,12,0,19,0,0,1,4,2,0,5
38,1,96,2.8,1,1,10,5,0,0,2,16,1,4,4,2,0
58,1,29,3.6,1,1,26,18,0,33,2,0,0,0,0,1,5
32,1,33,3.0,1,1,40,19,1,9,0,4,0,0,0,0,2
46,1,32,4.5,1,1,34,23,0,47,2,18,1,0,4,0,2
39,1,56,2.9,1,1,31,0,0,21,1,9,1,2,3,2,0
19,1,94,3.3,1,1,1,16,1,8,1,16,0,1,4,0,0
50,1,53,3.1,1,1,5,8,0,2,0,15,0,1,0,0,0
36,1,82,4.4,1,1,4,1,0,46,0,11,0,4,2,1,5
65,1,70,3.0,1,1,48,3,2,12,2,0,0,4,1,4,4
64,1,76,3.9,1,1,29,7,0,42,0,6,0,1,1,0,1
46,1,29,2.9,1,1,12,16,1,25,0,20,1,4,0,3,0
36,1,100,3.0,1,1,29,0,0,32,1,18,0,3,3,4,0
51,1,94,3.1,1,1,15,0,0,23,0,12,0,4,0,2,4
51,1,25,4.3,1,1,34,9,2,30,0,10,0,1,1,1,3
38,1,88,3.9,1,1,41,2,1,45,0,9,1,0,2,1,2
59,1,78,3.2,1,1,41,14,0,38,0,0,0,2,0,1,3
57,1,45,4.8,1,1,39,11,0,42,0,20,2,0,3,1,2
54,1,73,3.8,1,1,32,7,0,10,2,7,1,2,0,0,5
25,1,61,3.3,1,1,29,4,0,36,1,19,1,3,2,4,3
69,1,22,4.3,1,1,15,1,0,23,1,0,0,0,1,0,0
57,1,38,2.7,1,1,33,7,0,25,0,10,0,0,0,4,0
70,1,38,3.2,1,1,18,14,0,12,1,23,0,3,2,0,5
24,1,100,4.0,1,1,35,19,1,1,0,23,0,3,4,0,0
67,1,64,3.0,1,1,25,15,0,9,0,18,2,0,3,3,5
24,1,55,4.2,1,1,6,23,0,47,0,18,1,4,1,4,2
62,1,91,2.9,1,1,17,5,0,37,0,18,1,4,0,0,0
57,1,38,4.1,1,1,17,18,0,47,0,5,0,0,4,1,3
55,1,97,3.2,1,1,44,13,1,21,1,12,2,0,4,0,1
45,1,22,3.0,1,1,6,9,2,43,0,19,0,4,0,3,2
69,1,92,4.2,1,1,45,18,0,39,0,11,0,4,0,2,2
67,1,84,4.2,1,1,7,6,0,44,0,1,0,4,0,2,0
30,1,93,4.4,1,1,11,6,0,26,0,14,0,0,4,2,1
24,1,50,4.2,1,1,41,9,2,9,0,1,1,0,2,0,1
62,1,64,2.8,1,1,24,14,0,28,1,13,0,0,0,3,0
43,1,61,3.7,1,1,21,17,0,19,0,23,0,0,1,4,5
35,1,48,3.5,1,1,24,21,0,34,0,16,2,4,2,0,0
28,1,45,2.9,1,1,8,23,0,3,1,10,0,1,4,1,4
32,1,88,3.0,1,1,12,0,0,26,0,4,0,4,1,0,2
39,1,57,3.7,1,1,48,19,1,1,1,8,0,2,0,2,2
28,1,68,4.4,1,1,6,7,0,31,2,10,1,2,4,0,4
47,1,94,4.5,1,1,14,5,0,30,2,6,0,4,0,3,2
20,1,41,4.8,1,1,34,12,0,48,0,20,0,4,1,3,0
63,1,83,2.9,1,1,12,20,0,39,1,0,1,3,1,0,1
25,1,22,3.2,1,1,11,9,2,2,0,12,0,2,2,0,0
29,1,74,3.3,1,1,5,16,1,41,0,21,0,0,1,3,3
50,1,90,4.2,1,1,25,10,0,37,0,20,2,4,3,4,2
18,1,79,2.9,1,1,11,20,0,27,0,22,0,1,4,1,0
70,1,28,4.6,1,1,27,13,1,33,1,18,0,0,2,3,1
66,1,88,4.1,1,1,43,14,0,42,0,12,0,4,3,1,0
28,1,26,3.1,1,1,18,1,0,40,0,1,0,0,0,2,1
54,1,27,4.2,1,1,32,11,0,9,0,16,2,0,0,0,0
19,1,83,4.5,1,1,27,22,0,1,2,23,0,3,2,0,1
20,1,39,3.7,1,1,24,5,0,39,1,18,1,3,2,1,5
43,1,89,3.7,1,1,31,21,0,28,0,4,2,0,1,2,4
38,1,68,3.4,1,1,39,3,2,32,0,7,2,2,2,3,2
50,1,90,3.0,1,1,36,4,0,13,0,0,1,4,4,2,2
64,1,34,4.2,1,1,5,18,0,33,0,14,0,2,1,0,0
49,1,51,2.9,1,1,47,12,0,43,0,23,1,3,0,1,0
47,1,45,3.5,1,1,29,22,0,24,2,20,2,1,1,0,2
36,1,88,4.1,1,1,43,8,0,6,0,14,2,3,1,4,0
55,1,85,4.3,1,1,40,3,2,30,0,6,1,1,4,2,1
25,1,100,2.8,1,1,4,11,0,15,0,12,2,1,0,2,3
53,1,42,4.9,1,1,39,0,0,35,1,8,0,2,0,3,5
49,1,53,3.3,1,1,45,13,1,37,0,3,1,0,2,4,2
35,1,86,3.2,1,1,20,21,0,26,2,0,0,1,0,4,0
29,1,66,4.4,1,1,14,22,0,24,2,2,0,1,3,2,5
47,1,100,4.8,1,1,33,0,0,36,0,1,2,4,0,3,5
53,1,47,4.2,1,1,18,6,0,0,1,19,0,0,3,1,0
33,1,25,4.0,1,1,9,18,0,22,0,0,0,2,0,0,5
21,1,51,2.5,1,1,34,6,0,48,2,5,2,3,3,3,0
32,1,41,3.9,1,1,33,17,0,6,0,21,1,0,1,4,2
52,1,73,4.9,1,1,15,2,1,34,0,4,2,3,0,0,0
67,1,42,3.5,1,1,4,21,0,12,0,22,2,1,4,3,0
43,1,20,4.2,1,1,25,14,0,18,0,3,0,2,1,2,0
58,1,30,4.7,1,1,20,11,0,39,2,21,0,4,0,1,1
20,1,53,4.5,1,1,5,6,0,46,0,17,1,3,0,1,4
61,1,74,2.8,1,1,16,5,0,0,1,9,0,4,0,0,4
32,1,57,2.9,1,1,13,10,0,16,0,5,0,1,3,2,0
38,1,57,3.2,1,1,11,7,0,24,1,17,2,0,0,1,1
21,1,77,4.9,1,1,21,10,0,3,0,10,2,0,3,1,0
37,1,40,3.7,1,1,6,12,0,9,0,19,1,0,2,2,0
27,1,46,4.3,1,1,29,17,0,13,0,16,1,1,4,4,3
36,1,78,3.9,1,1,15,12,0,4,1,3,0,4,4,0,0
32,1,59,3.2,1,1,17,0,0,20,0,6,0,4,0,0,0
51,1,75,3.1,1,1,32,11,0,16,0,22,1,0,0,1,5
64,1,54,3.9,1,1,42,22,0,18,0,12,0,4,0,4,0
68,1,42,2.6,1,1,21,16,1,8,0,3,0,4,4,0,3
68,1,44,3.3,1,1,9,1,0,8,0,3,2,3,2,0,0
33,1,52,4.6,1,1,16,10,0,32,2,13,0,2,1,0,0
65,1,69,4.6,1,1,42,21,0,18,2,23,1,1,0,1,2
48,1,26,4.4,1,1,37,11,0,35,0,0,1,3,0,2,0
69,1,33,4.2,1,1,32,3,2,32,1,18,0,0,0,2,4
59,1,32,3.0,1,1,28,11,0,18,0,8,0,1,0,0,0
48,1,85,4.0,1,1,13,0,0,44,2,9,2,2,0,1,5
25,1,30,3.5,1,1,11,18,0,39,2,20,0,2,0,0,2
29,1,29,3.0,1,1,36,15,0,8,0,7,2,1,4,0,0
57,1,95,3.7,1,1,23,22,0,9,0,13,0,0,0,2,0
23,1,69,4.0,1,1,37,19,1,2,0,20,1,1,3,0,3
45,1,69,4.2,1,1,21,13,1,24,1,4,0,2,0,0,0
38,1,61,2.5,1,1,22,0,0,34,2,3,0,0,3,2,0
21,1,94,3.0,1,1,9,18,0,21,0,19,1,2,0,0,3
32,1,30,3.2,1,1,16,22,0,24,1,11,0,2,2,4,0
63,1,45,3.5,1,1,4,18,0,33,0,17,1,3,3,3,4
29,1,39,4.8,1,1,3,6,0,15,2,23,1,1,0,2,0
27,1,51,2.6,1,1,6,11,0,25,0,6,1,0,4,2,0
56,1,37,3.4,1,1,18,14,0,6,0,1,0,0,0,4,2
30,1,62,3.7,1,1,34,23,0,31,0,9,2,1,0,4,0
49,1,85,4.5,1,1,26,3,2,30,0,23,0,2,0,1,3
58,1,33,3.7,1,1,50,23,0,4,0,8,2,0,3,3,5
57,1,26,3.3,1,1,40,4,0,6,2,21,0,1,2,0,3
60,1,99,4.7,1,1,24,16,1,42,0,7,0,1,1,0,4
69,1,39,2.7,1,1,33,6,0,5,0,22,0,3,0,3,0
70,1,20,4.6,1,1,19,18,0,28,0,5,0,0,4,1,1
53,1,42,2.7,1,1,24,21,0,46,0,8,2,4,4,1,4
25,1,74,4.8,1,1,19,13,1,12,1,9,0,3,0,1,5
48,1,26,4.4,1,1,4,16,1,6,2,16,1,0,3,1,0
69,1,53,4.0,1,1,11,23,0,18,0,9,2,0,3,4,1
25,1,80,3.2,1,1,28,19,1,36,0,11,1,1,2,3,2
29,1,98,4.4,1,1,24,7,0,13,0,19,0,0,4,3,5
46,1,95,3.8,1,1,25,18,0,36,0,7,0,2,3,1,1
37,1,44,3.6,1,1,27,22,0,6,0,12,1,4,0,0,1
20,1,60,3.3,1,1,49,13,1,35,0,20,1,0,2,4,5
40,1,84,3.4,1,1,45,4,0,35,0,7,2,4,2,1,0
60,1,59,3.5,1,1,26,22,0,42,0,19,0,2,0,3,0
26,1,49,3.6,1,1,4,9,2,32,1,22,1,2,0,0,0
29,1,32,3.2,1,1,3,5,0,7,0,13,2,0,1,1,1
66,1,29,3.7,1,1,45,6,0,18,0,0,0,0,3,4,0
66,1,22,4.5,1,1,21,4,0,21,0,23,0,0,3,0,2
56,1,85,4.6,1,1,50,12,0,24,0,3,2,2,3,0,2
69,1,52,4.1,1,1,19,10,0,37,0,18,2,2,4,0,3
38,1,89,3.4,1,1,6,12,0,19,0,7,0,0,2,3,0
42,1,77,3.7,1,1,50,4,0,43,0,15,0,3,0,1,1
30,1,24,3.3,1,1,17,12,0,28,0,16,1,3,4,2,1
66,1,24,4.5,1,1,24,11,0,47,2,13,0,4,0,2,0
36,1,22,3.3,1,1,46,6,0,3,0,3,0,0,1,4,3
58,1,82,4.3,1,1,42,22,0,46,0,19,0,0,3,0,1
45,1,67,2.5,1,1,10,0,0,39,0,0,2,3,3,0,0
47,1,74,2.6,1,1,1,17,0,17,2,22,0,4,3,0,1
66,1,72,4.9,1,1,28,11,0,14,0,22,1,3,3,2,4
41,1,36,4.7,1,1,48,19,1,43,0,13,1,1,1,2,4
41,1,95,3.0,1,1,47,0,0,40,1,4,2,1,3,1,3
66,1,78,3.5,1,1,29,8,0,40,0,13,2,4,2,3,0
37,1,82,4.8,1,1,37,15,0,48,0,12,1,1,3,4,4
70,1,70,4.3,1,1,38,12,0,43,0,3,2,2,1,2,0
62,1,41,3.2,1,1,48,14,0,28,0,22,0,0,4,0,5
61,1,42,3.1,1,1,36,3,2,13,0,19,1,3,1,3,5
48,1,50,2.8,1,1,9,3,2,7,0,23,0,2,1,1,5
70,1,31,2.9,1,1,34,20,0,26,1,22,1,2,0,0,3
46,1,51,3.7,1,1,43,22,0,32,0,0,2,0,0,4,0
31,1,98,3.3,1,1,46,15,0,7,0,0,0,1,4,3,4
19,1,86,2.8,1,1,5,15,0,30,0,11,2,0,0,1,3
39,1,64,4.5,1,1,15,22,0,0,0,19,2,0,3,0,0
41,1,46,2.6,1,1,30,1,0,14,0,9,0,3,2,1,0
20,1,85,3.7,1,1,44,22,0,35,0,11,0,0,3,4,1
36,1,81,4.4,1,1,16,7,0,37,1,13,0,2,0,3,0
32,1,59,4.3,1,1,16,22,0,29,0,4,2,0,0,0,0
69,1,79,3.5,1,1,16,8,0,19,0,18,2,4,0,0,5
40,1,33,3.8,1,1,21,17,0,36,0,19,0,1,0,1,1
40,1,47,3.5,1,1,39,17,0,28,0,1,1,0,0,4,1
20,1,20,4.6,1,1,40,7,0,42,1,1,1,1,4,2,0
64,1,36,2.6,1,1,48,3,2,15,0,12,0,0,2,1,1
27,1,39,4.4,1,1,26,13,1,25,0,16,1,0,2,4,3
24,1,71,4.0,1,1,46,18,0,44,0,3,2,3,3,2,3
48,1,59,4.4,1,1,27,16,1,48,1,12,2,0,2,0,0
49,1,50,4.7,1,1,5,10,0,29,0,21,0,1,2,0,5
36,1,41,3.9,1,1,43,13,1,35,0,17,0,1,4,3,2
56,1,59,2.7,1,1,17,1,0,38,0,0,0,0,1,3,2
37,1,87,3.7,1,1,3,7,0,1,0,7,2,0,0,0,0
42,1,68,2.6,1,1,47,22,0,15,0,21,0,4,0,0,2
28,1,90,3.9,1,1,24,18,0,30,0,19,2,0,3,2,0
27,1,71,4.9,1,1,12,10,0,41,2,23,0,4,2,0,1
63,1,64,4.1,1,1,35,19,1,23,0,23,0,1,4,2,3
58,1,76,3.0,1,1,42,11,0,36,1,12,0,3,1,4,5
37,1,42,4.1,1,1,1,11,0,35,2,10,0,1,0,3,1
56,1,80,3.8,1,1,27,12,0,26,0,0,0,2,3,0,5
18,1,56,4.0,1,1,16,0,0,2,0,12,0,0,3,1,0
48,1,25,3.6,1,1,36,7,0,21,2,10,1,2,0,1,1
31,1,74,3.0,1,1,30,19,1,8,0,12,2,2,4,1,1
51,1,30,3.0,1,1,18,12,0,37,0,19,1,0,3,2,2
65,1,96,2.6,1,1,45,23,0,26,0,22,0,0,1,0,0
53,1,64,3.4,1,1,1,19,1,41,0,3,0,0,1,4,2
55,1,88,3.1,1,1,42,17,0,7,0,23,2,0,1,0,2
62,1,88,3.0,1,1,7,16,1,32,0,3,1,2,1,4,1
55,1,88,3.7,1,1,50,5,0,46,2,6,1,3,3,3,4
64,1,36,3.5,1,1,37,20,0,25,0,20,0,0,4,4,2
52,1,40,2.8,1,1,18,4,0,40,2,4,0,1,4,0,3
24,1,39,4.5,1,1,29,6,0,34,0,3,0,4,3,0,3
38,1,40,3.3,1,1,45,0,0,47,0,18,1,0,4,3,4
59,1,34,3.4,1,1,13,14,0,35,0,12,2,1,0,3,5
27,1,83,3.2,1,1,47,19,1,31,1,15,2,0,0,3,3
24,1,85,3.7,1,1,7,22,0,36,0,13,1,1,3,2,5
23,1,27,4.6,1,1,11,3,2,32,0,22,1,0,0,4,0
69,1,78,5.0,1,1,39,11,0,33,1,16,0,0,4,0,3
59,1,32,4.4,1,1,6,21,0,34,0,12,1,2,3,2,4
51,1,51,4.9,1,1,2,16,1,38,1,6,0,3,0,4,0
63,1,32,4.1,1,1,39,14,0,17,0,18,0,2,3,1,1
54,1,62,4.9,1,1,23,4,0,26,0,13,2,0,2,1,3
32,1,29,4.7,1,1,46,23,0,24,1,10,0,2,0,2,0
39,1,69,3.0,1,1,19,0,0,27,2,0,0,3,4,0,5
66,1,25,3.4,1,1,3,11,0,17,0,9,2,2,4,1,1
28,1,76,3.2,1,1,47,10,0,3,0,14,2,3,4,3,4
50,1,77,2.9,1,1,6,21,0,46,1,10,0,1,3,3,4
70,1,33,4.5,1,1,6,22,0,3,0,0,0,1,0,4,0
67,1,93,2.7,1,1,12,17,0,46,1,23,0,1,2,1,0
64,1,39,3.4,1,1,40,11,0,16,0,2,0,0,0,3,4
45,1,93,4.6,1,1,38,3,2,8,0,18,1,0,4,3,2
22,1,82,2.7,1,1,10,6,0,45,0,13,1,1,4,3,4
27,1,42,4.2,1,1,28,2,1,44,0,16,0,4,3,0,3
25,1,71,3.2,1,1,19,5,0,12,0,8,2,2,0,3,0
37,1,86,4.8,1,1,25,22,0,21,0,6,0,0,3,0,2
26,1,82,3.3,1,1,38,23,0,10,2,0,0,3,2,1,0
33,1,65,4.2,1,1,6,16,1,43,0,11,0,1,3,3,2
43,1,29,4.8,1,1,7,14,0,32,0,0,0,3,4,2,0
37,1,65,4.9,1,1,2,19,1,37,0,2,2,0,4,3,0
46,1,88,3.9,1,1,24,4,0,38,1,0,0,0,3,0,0
22,1,46,3.0,1,1,26,0,0,22,0,8,0,4,1,0,0
20,1,67,4.6,1,1,25,2,1,24,1,18,2,3,1,2,1
60,1,35,3.5,1,1,10,14,0,10,0,1,0,1,0,2,3
39,1,66,4.8,1,1,14,2,1,42,0,7,2,4,1,3,2
43,1,91,4.8,1,1,21,23,0,34,0,13,0,0,3,0,4
31,1,78,3.0,1,1,26,0,0,3,0,4,0,3,0,3,3
19,1,45,4.5,1,1,12,19,1,26,0,13,2,1,2,0,0
35,1,93,4.8,1,1,11,23,0,6,0,8,0,1,4,1,3
41,1,74,3.8,1,1,15,10,0,38,1,18,1,2,3,0,0
52,1,55,4.6,1,1,13,5,0,18,0,14,0,2,0,0,3
45,1,76,3.1,1,1,5,8,0,31,2,19,0,2,2,1,0
34,1,66,3.4,1,1,36,19,1,0,0,22,0,1,0,0,2
35,1,51,3.3,1,1,32,17,0,21,0,2,2,2,0,0,3
29,1,26,4.8,1,1,1,22,0,44,0,9,0,2,0,1,4
59,1,29,2.8,1,1,15,10,0,20,0,8,1,0,0,3,0
24,1,74,3.1,1,1,3,9,2,17,0,23,1,4,4,0,5
70,1,99,4.6,1,1,48,11,0,26,1,22,1,2,1,0,3
29,1,88,2.6,1,1,30,0,0,48,0,21,2,0,4,2,5
67,1,31,2.6,1,1,40,3,2,5,0,9,2,4,0,0,3
36,1,55,3.8,1,1,24,0,0,35,0,12,0,0,1,0,2
23,1,81,4.5,1,1,48,13,1,22,0,0,0,3,1,2,4
18,1,73,3.0,1,1,27,22,0,11,0,16,0,0,3,4,0
53,1,91,3.5,1,1,14,17,0,42,1,19,2,1,1,1,1
32,1,54,3.8,1,1,18,20,0,31,1,14,0,1,1,2,0
38,1,40,3.5,1,1,48,15,0,15,0,21,2,0,3,0,0
47,1,59,3.1,1,1,32,12,0,21,0,16,0,0,4,2,0
46,1,26,3.0,1,1,21,14,0,30,0,19,0,0,4,1,0
66,1,23,4.3,1,1,42,22,0,11,0,5,2,1,3,3,2
40,1,87,3.3,1,1,4,10,0,32,1,19,2,2,4,1,4
43,1,71,4.7,1,1,19,12,0,16,0,21,2,0,0,1,4
58,1,91,4.5,1,1,6,0,0,11,0,0,2,0,4,1,4
21,1,64,2.9,1,1,2,3,2,48,2,5,2,4,1,2,2
42,1,94,4.1,1,1,21,13,1,45,0,5,2,4,0,0,2
24,1,40,3.5,1,1,40,15,0,41,0,2,1,2,4,2,0
43,1,76,3.4,1,1,33,7,0,27,0,4,2,1,4,0,2
47,1,86,3.3,1,1,26,15,0,12,1,8,0,2,1,4,5
49,1,92,3.2,1,1,23,18,0,0,0,13,0,0,4,1,2
50,1,52,4.0,1,1,39,16,1,34,0,15,0,0,4,3,1
51,1,28,3.6,1,1,42,3,2,24,2,12,2,3,2,0,3
40,1,46,4.6,1,1,41,12,0,40,0,4,1,0,1,0,5
45,1,50,2.6,1,1,41,11,0,29,0,14,1,1,2,3,0
52,1,23,4.3,1,1,12,0,0,13,0,20,2,0,0,1,2
62,1,50,3.4,1,1,31,9,2,10,0,20,1,3,1,0,3
20,1,89,3.5,1,1,34,15,0,34,2,11,2,2,4,2,2
43,1,81,4.2,1,1,32,8,0,7,0,11,2,0,3,1,0
29,1,69,3.5,1,1,31,21,0,20,0,12,0,0,4,1,4
22,1,67,3.6,1,1,24,21,0,9,0,10,1,3,1,3,0
48,1,20,4.3,1,1,31,4,0,3,0,17,1,2,4,2,0
42,1,29,4.9,1,1,18,2,1,13,0,12,0,0,3,4,0
19,1,74,4.1,1,1,15,15,0,46,0,18,1,0,4,4,3
60,1,82,3.6,1,1,7,17,0,45,1,20,0,4,3,0,1
32,1,23,3.4,1,1,35,5,0,23,0,23,1,1,2,0,2
26,1,45,2.9,1,1,35,11,0,30,0,14,1,3,0,0,3
25,1,21,2.7,1,1,19,2,1,5,0,0,1,4,4,1,3
66,1,31,4.3,1,1,26,11,0,44,0,15,1,0,0,1,2
45,1,45,3.3,1,1,39,12,0,23,0,21,1,2,0,3,2
54,1,56,2.8,1,1,22,11,0,25,2,14,2,0,2,1,5
37,1,97,3.2,1,1,14,9,2,28,1,5,1,2,2,0,0
54,1,100,3.6,1,1,50,1,0,42,2,5,0,1,4,2,2
50,1,96,4.0,1,1,33,1,0,31,1,8,0,0,0,1,4
25,1,99,4.9,1,1,48,5,0,37,0,1,0,1,2,2,1
47,1,91,4.0,1,1,48,17,0,2,0,0,2,2,0,3,3
63,1,30,3.8,1,1,27,7,0,18,0,0,2,2,3,3,2
64,1,65,3.7,1,1,27,16,1,38,0,19,1,4,4,0,5
18,1,93,3.9,1,1,20,2,1,33,0,23,2,0,0,4,5
59,1,81,3.3,1,1,48,9,2,11,0,22,0,2,0,4,1
37,1,81,2.7,1,1,29,11,0,8,1,13,1,4,3,4,5
23,1,52,4.7,1,1,45,21,0,0,0,18,2,3,2,3,3
54,1,88,2.8,1,1,25,18,0,34,0,15,1,0,2,0,4
38,1,24,4.6,1,1,25,10,0,43,0,20,2,1,1,3,5
19,1,51,4.5,1,1,37,0,0,25,1,13,0,1,0,2,1
34,1,38,5.0,1,1,16,0,0,8,1,14,0,0,1,0,4
21,1,46,4.1,1,1,30,17,0,0,0,15,0,2,0,2,0
50,1,63,4.6,1,1,6,4,0,21,0,19,1,0,0,0,1
55,1,72,4.9,1,1,36,14,0,23,2,22,2,1,0,0,4
20,1,39,3.9,1,1,3,10,0,8,0,6,2,0,1,0,4
34,1,42,3.9,1,1,29,3,2,46,0,12,0,4,4,3,1
62,1,76,2.6,1,1,15,22,0,2,2,11,1,2,0,0,4
21,1,66,2.7,1,1,18,19,1,33,0,10,1,0,1,2,0
21,1,90,3.5,1,1,2,14,0,5,0,10,0,4,1,2,2
42,1,56,3.7,1,1,49,22,0,32,0,7,1,1,1,2,5
35,1,43,3.2,1,1,48,11,0,14,2,20,2,2,1,4,0
39,1,84,3.3,1,1,43,6,0,13,0,23,2,0,4,4,3
68,1,88,4.8,1,1,30,8,0,43,0,6,1,1,3,2,0
46,1,88,3.2,1,1,10,7,0,47,0,14,0,3,0,3,2
41,1,42,2.5,1,1,11,0,0,5,0,23,2,3,0,4,0
23,1,73,3.9,1,1,12,8,0,34,0,22,0,4,4,2,5
68,1,73,4.7,1,1,28,7,0,23,0,9,1,1,1,0,4
48,1,44,2.6,1,1,36,16,1,40,1,1,0,2,2,2,2
38,1,63,2.8,1,1,37,13,1,29,0,3,0,2,4,4,1
41,1,68,4.4,1,1,22,9,2,13,0,17,2,1,4,1,4
58,1,29,4.6,1,1,32,22,0,17,0,12,0,4,3,4,5
49,1,85,3.2,1,1,40,20,0,39,0,7,1,4,3,3,0
57,1,42,4.2,1,1,47,19,1,4,0,18,2,3,0,0,3
49,1,69,3.7,1,1,24,3,2,43,0,18,1,0,0,1,0
50,1,62,3.9,1,1,11,15,0,20,0,0,0,3,3,2,5
28,1,48,4.7,1,1,19,0,0,26,2,17,1,2,4,0,0
38,1,68,4.5,1,1,42,2,1,12,0,8,2,3,0,2,5
33,1,36,3.3,1,1,6,6,0,20,2,4,0,1,1,2,2
30,1,63,3.3,1,1,31,4,0,3,1,11,0,4,0,4,2
43,1,39,4.6,1,1,31,19,1,34,1,18,2,0,1,0,5
43,1,78,3.6,1,1,27,2,1,13,0,9,0,3,1,0,3
36,1,99,4.8,1,1,24,16,1,37,0,18,2,1,0,3,3
36,1,31,4.8,1,1,35,23,0,45,0,16,0,0,2,4,1
64,1,45,2.9,1,1,21,2,1,7,0,4,0,2,2,4,0
59,1,30,2.8,1,1,8,12,0,38,1,4,0,0,0,3,2
55,1,24,3.2,1,1,26,16,1,46,0,9,1,1,2,0,4
42,1,22,3.9,1,1,26,16,1,23,0,11,2,0,1,3,0
61,1,63,4.3,1,1,9,23,0,17,0,6,0,1,0,0,0
28,1,40,2.7,1,1,48,14,0,8,0,12,0,0,0,2,0
65,1,20,5.0,1,1,33,17,0,17,0,10,0,0,4,2,2
27,1,20,3.7,1,1,31,11,0,11,1,23,2,0,4,3,4
41,1,80,3.9,1,1,17,23,0,6,0,4,1,0,1,2,5
21,1,87,3.9,1,1,22,15,0,46,0,19,0,1,0,4,0
61,1,46,3.1,1,1,8,15,0,9,0,23,0,2,1,3,0
19,1,49,3.3,1,1,2,5,0,30,0,14,2,1,2,0,3
22,1,65,3.6,1,1,45,14,0,29,0,14,0,3,4,4,0
64,1,62,4.3,1,1,47,18,0,12,1,12,2,2,3,3,4
28,1,67,4.5,1,1,7,7,0,15,0,3,0,1,2,0,3
34,1,41,2.8,1,1,19,8,0,46,0,8,0,0,0,2,0
61,1,49,2.7,1,1,44,2,1,32,0,18,0,2,1,0,1
24,1,100,2.9,1,1,16,1,0,35,0,0,0,3,2,4,1
19,1,54,4.4,1,1,17,0,0,21,0,1,1,0,0,0,4
51,1,84,3.9,1,1,20,21,0,38,0,22,0,0,1,2,4
36,1,41,3.5,1,1,50,17,0,43,0,5,2,1,3,0,0
65,1,88,2.5,1,1,37,5,0,21,0,1,0,3,4,0,4
46,1,40,4.9,1,1,5,13,1,6,0,13,0,0,0,3,4
59,1,39,4.8,1,1,44,15,0,36,0,5,1,4,1,3,0
51,1,37,3.2,1,1,41,3,2,13,0,4,0,1,2,2,3
51,1,52,4.9,1,1,19,12,0,28,1,17,2,0,3,0,3
21,1,23,4.3,1,1,47,23,0,38,0,23,2,0,2,0,1
34,1,88,3.2,1,1,40,19,1,18,1,0,2,4,0,0,0
32,1,84,3.7,1,1,6,17,0,3,0,13,0,0,3,1,3
48,1,37,3.2,1,1,25,3,2,24,2,10,2,4,4,1,0
50,1,51,3.4,1,1,42,13,1,43,0,16,0,0,2,0,5
26,1,76,4.1,1,1,35,12,0,41,0,0,2,0,0,0,1
57,1,60,4.5,1,1,17,13,1,31,0,15,0,3,2,2,5
65,1,72,4.5,1,1,4,5,0,7,0,15,0,0,2,3,4
56,1,45,3.2,1,1,24,23,0,46,0,11,0,1,1,0,5
44,1,84,4.4,1,1,16,9,2,11,1,11,0,2,4,2,1
50,1,49,3.0,1,1,14,1,0,44,1,20,1,1,4,2,0
27,1,22,3.2,1,1,43,20,0,44,2,7,0,3,1,0,5
49,1,48,4.0,1,1,49,3,2,48,0,21,2,0,4,2,5
49,1,37,3.1,1,1,33,4,0,38,0,9,0,4,2,0,1
52,1,27,2.8,1,1,45,9,2,5,0,6,0,0,2,0,0
27,1,79,4.6,1,1,35,2,1,11,2,19,0,4,2,0,0
53,1,98,4.3,1,1,11,18,0,0,1,17,0,2,0,1,3
34,1,64,3.3,1,1,30,13,1,45,1,23,1,0,3,0,1
33,1,32,3.5,1,1,48,3,2,0,0,10,1,0,0,2,0
62,1,74,3.4,1,1,45,8,0,29,0,2,2,0,1,4,0
38,1,50,2.8,1,1,26,9,2,26,0,1,2,2,1,4,5
36,1,64,4.6,1,1,41,0,0,25,0,0,2,3,4,2,1
31,1,29,3.6,1,1,37,0,0,1,1,12,0,0,0,4,0
62,1,62,3.3,1,1,12,0,0,8,0,12,1,0,4,3,5
29,1,78,3.1,1,1,27,3,2,10,2,7,0,4,0,0,0
24,1,94,3.5,1,1,18,23,0,23,0,14,0,0,0,0,5
63,1,59,3.2,1,1,15,21,0,7,0,22,2,4,0,1,4
56,1,47,3.0,1,1,34,19,1,21,0,17,1,3,0,0,5
63,1,57,4.8,1,1,37,5,0,17,0,22,0,0,0,4,0
40,1,90,5.0,1,1,21,3,2,24,0,8,2,1,4,0,2
18,1,60,2.9,1,1,31,15,0,0,0,22,0,3,1,2,5
50,1,77,3.2,1,1,43,19,1,13,0,19,0,4,0,2,1
66,1,41,2.9,1,1,22,14,0,1,0,8,0,0,4,0,3
25,1,48,3.3,1,1,12,11,0,16,0,17,0,3,1,2,0
65,1,65,2.6,1,1,25,9,2,0,0,1,0,1,2,3,2
53,1,62,3.5,1,1,40,10,0,23,0,1,1,3,3,2,0
61,1,99,4.4,1,1,16,16,1,10,0,0,0,3,3,2,4
67,1,58,3.4,1,1,30,8,0,7,0,12,2,0,2,0,5
59,1,43,4.2,1,1,10,0,0,10,0,9,0,0,4,4,5
55,1,93,3.6,1,1,1,19,1,0,0,8,0,3,4,2,2
21,1,50,3.0,1,1,24,1,0,27,1,17,2,4,2,4,2
44,1,88,4.0,1,1,36,12,0,42,0,17,1,0,1,3,3
65,1,33,4.4,1,1,46,18,0,0,0,15,0,3,0,1,1
65,1,99,4.1,1,1,20,23,0,13,2,16,0,1,3,0,0
54,1,76,3.6,1,1,37,9,2,15,2,4,0,4,1,4,5
56,1,97,4.6,1,1,26,14,0,38,2,4,1,1,2,0,0
58,1,68,3.2,1,1,23,12,0,3,0,3,1,0,0,1,0
54,1,79,4.8,1,1,20,19,1,17,0,17,0,3,1,0,0
58,1,86,4.8,1,1,38,10,0,25,0,14,0,4,0,3,3
48,1,68,5.0,1,1,5,7,0,45,0,0,2,4,0,1,1
19,1,52,3.7,1,1,41,18,0,0,0,0,0,3,4,4,0
69,1,90,4.6,1,1,22,13,1,17,0,16,0,2,2,1,2
58,1,41,3.7,1,1,48,13,1,3,0,21,2,2,1,1,0
49,1,80,4.1,1,1,10,22,0,13,0,13,0,3,1,3,5
32,1,100,2.7,1,1,12,22,0,13,2,3,2,1,4,0,1
40,1,77,4.9,1,1,2,9,2,4,0,20,0,2,4,0,4
25,1,78,4.0,1,1,38,17,0,3,0,23,0,3,4,3,3
70,1,94,4.7,1,1,20,20,0,12,0,22,0,3,1,2,3
69,1,23,2.8,1,1,5,20,0,38,0,6,0,1,2,0,1
45,1,20,4.9,1,1,9,8,0,47,1,1,2,4,0,4,0
29,1,86,4.2,1,1,48,20,0,45,1,11,0,3,0,2,1
47,1,60,3.0,1,1,9,2,1,39,0,21,0,2,3,2,4
28,1,70,3.4,1,1,40,15,0,21,0,13,0,2,0,3,0
64,1,39,4.6,1,1,30,0,0,0,1,20,0,1,3,4,2
47,1,37,4.2,1,1,6,0,0,15,0,12,0,1,4,2,0
60,1,29,3.2,1,1,42,2,1,32,0,2,0,4,1,4,1
67,1,35,4.4,1,1,9,3,2,0,1,7,2,0,4,3,1
35,1,83,2.5,1,1,6,8,0,34,1,2,2,0,2,2,3
30,1,77,3.6,1,1,47,16,1,6,0,18,1,1,2,3,4
23,1,37,4.5,1,1,36,16,1,24,2,22,1,3,4,4,0
70,1,69,3.4,1,1,19,11,0,0,0,5,1,0,3,0,2
21,1,66,3.2,1,1,30,4,0,3,0,7,2,1,0,0,1
51,1,26,4.2,1,1,27,2,1,19,0,19,0,0,3,2,1
22,1,63,5.0,1,1,25,7,0,38,0,3,0,2,0,4,3
32,1,38,4.7,1,1,5,0,0,46,0,11,1,0,4,0,2
37,1,58,4.2,1,1,10,16,1,35,0,9,1,4,2,0,1
31,1,46,3.4,1,1,26,6,0,19,0,7,2,2,0,3,1
44,1,92,4.4,1,1,11,21,0,46,1,15,0,0,4,1,1
40,1,32,4.2,1,1,17,7,0,3,2,3,2,2,3,0,5
27,1,90,4.5,1,1,44,14,0,4,0,1,0,1,3,3,3
47,1,23,2.8,1,1,44,8,0,12,0,16,0,3,2,0,3
41,1,25,3.3,1,1,21,0,0,6,1,5,0,2,2,4,1
51,1,54,4.6,1,1,49,22,0,33,0,16,0,0,2,1,2
53,1,72,2.5,1,1,27,17,0,34,0,3,1,2,1,0,1
43,1,33,4.7,1,1,19,14,0,3,0,0,2,1,4,0,3
67,1,43,4.6,1,1,33,7,0,27,0,9,0,3,0,1,4
61,1,51,2.6,1,1,46,3,2,36,0,9,0,0,3,0,0
68,1,85,4.0,1,1,21,11,0,10,0,9,2,0,3,1,0
67,1,100,2.6,1,1,23,13,1,18,0,12,1,2,2,4,0
29,1,72,4.6,1,1,38,5,0,36,0,19,0,0,1,1,1
50,1,57,2.6,1,1,2,0,0,4,0,11,0,2,3,0,4
61,1,94,4.0,1,1,21,9,2,12,0,4,0,1,0,2,0
19,1,34,4.6,1,1,1,0,0,25,0,3,1,2,4,2,1
33,1,89,3.7,1,1,10,0,0,37,0,0,0,3,0,4,1
51,1,27,4.4,1,1,45,21,0,14,1,17,0,2,4,1,5
69,1,63,4.0,1,1,44,20,0,8,1,14,0,1,2,0,2
19,1,70,4.7,1,1,48,16,1,26,0,22,0,0,3,3,0
55,1,87,3.4,1,1,21,12,0,38,2,15,0,4,0,3,0
49,1,79,4.0,1,1,1,11,0,6,0,17,0,4,2,4,5
31,1,79,3.9,1,1,10,21,0,27,0,8,0,1,3,4,0
42,1,44,4.1,1,1,24,13,1,35,0,0,2,4,0,3,3
69,1,85,3.7,1,1,29,22,0,19,0,22,0,4,0,1,3
26,1,90,4.7,1,1,11,16,1,43,0,0,0,0,3,2,0
41,1,94,4.3,1,1,33,11,0,22,1,18,0,0,0,2,0
55,1,68,4.1,1,1,27,2,1,45,1,21,1,4,4,0,2
35,1,51,3.9,1,1,19,0,0,48,0,17,2,4,2,4,2
66,1,33,2.9,1,1,50,13,1,21,0,13,0,0,0,2,4
36,1,60,3.9,1,1,46,19,1,33,0,19,1,0,3,3,5
27,1,59,4.3,1,1,28,8,0,38,0,2,0,3,0,0,4
41,1,30,2.8,1,1,14,6,0,47,0,8,1,0,4,0,1
21,1,20,3.4,1,1,46,22,0,40,0,4,2,0,0,0,2
53,1,20,2.7,1,1,41,13,1,18,1,1,1,4,0,3,3
54,1,24,4.0,1,1,50,4,0,22,0,12,0,1,0,1,0
53,1,88,4.4,1,1,28,18,0,21,0,6,1,2,4,2,2
47,1,78,3.9,1,1,23,1,0,0,0,17,2,4,0,1,1
64,1,25,2.8,1,1,14,18,0,2,0,17,0,1,0,2,0
18,1,57,3.2,1,1,10,22,0,35,2,7,2,4,2,0,1
68,1,93,4.3,1,1,37,0,0,16,1,1,1,4,2,0,5
62,1,42,4.2,1,1,15,8,0,34,1,16,1,1,0,4,0
51,1,54,4.9,1,1,19,2,1,12,2,15,0,2,3,4,0
54,1,70,3.7,1,1,23,1,0,22,2,3,1,0,0,1,2
22,1,31,4.1,1,1,35,8,0,20,0,2,2,0,4,1,5
53,1,93,4.2,1,1,33,12,0,6,0,13,0,1,4,3,1
34,1,40,3.9,1,1,12,5,0,7,0,10,0,4,2,0,0
32,1,32,2.9,1,1,41,7,0,2,0,23,1,3,2,4,2
64,1,27,3.1,1,1,27,21,0,21,0,0,2,3,1,4,5
20,1,68,3.6,1,1,45,14,0,32,0,12,2,1,0,0,2
24,1,59,4.4,1,1,23,6,0,3,0,6,1,0,0,4,0
20,1,36,3.1,1,1,19,6,0,22,1,16,0,2,1,4,3
42,1,23,3.9,1,1,6,10,0,36,0,0,1,2,3,3,4
48,1,80,4.3,1,1,6,9,2,1,0,22,2,3,1,3,4
62,1,37,4.9,1,1,20,0,0,16,1,22,0,2,4,4,5
62,1,52,3.6,1,1,8,17,0,44,1,5,0,2,0,0,5
50,1,79,5.0,1,1,39,3,2,24,0,12,0,2,0,1,4
57,1,68,4.1,1,1,39,15,0,13,2,7,0,0,4,1,4
24,1,98,2.8,1,1,39,5,0,11,0,10,0,2,0,4,0
59,1,83,4.7,1,1,23,4,0,0,0,3,0,0,0,1,3
63,1,83,4.4,1,1,41,12,0,4,0,8,2,0,0,3,0
41,1,55,4.9,1,1,50,12,0,29,0,14,0,0,0,1,0
35,1,26,3.1,1,1,30,8,0,4,0,20,2,0,1,2,4
34,1,76,2.6,1,1,32,21,0,1,1,1,2,2,3,0,4
49,1,85,2.9,1,1,35,23,0,9,1,20,0,1,0,0,3
43,1,89,3.3,1,1,45,9,2,11,0,6,0,3,1,4,0
63,1,41,4.8,1,1,37,22,0,16,2,16,0,1,2,0,0
38,1,30,4.7,1,1,45,9,2,13,0,0,2,3,0,0,5
59,1,53,3.3,1,1,29,20,0,45,0,14,2,0,0,0,4
35,1,66,4.2,1,1,27,15,0,34,0,8,0,0,1,4,0
48,1,33,4.7,1,1,36,11,0,45,2,0,2,4,4,0,0
64,1,86,2.6,1,1,9,21,0,2,0,23,0,1,0,0,0
28,1,60,2.9,1,1,38,12,0,5,0,14,2,2,0,4,0
60,1,62,2.7,1,1,41,20,0,45,1,20,1,3,0,3,0
27,1,74,3.3,1,1,25,1,0,17,0,19,0,1,4,2,1
56,1,95,3.4,1,1,37,13,1,20,0,20,0,3,0,4,2
58,1,25,4.2,1,1,3,19,1,40,0,10,0,4,0,3,0
30,1,59,3.8,1,1,24,15,0,16,2,16,2,3,0,1,1
23,1,29,4.0,1,1,49,9,2,23,0,2,1,2,3,1,0
33,1,36,2.7,1,1,3,13,1,20,1,21,2,4,1,0,3
63,1,82,4.7,1,1,42,7,0,0,0,23,1,0,0,2,3
70,1,71,3.5,1,1,32,1,0,19,2,10,2,1,3,0,2
70,1,35,3.0,1,1,33,22,0,12,0,0,0,3,0,4,2
19,1,38,3.3,1,1,46,5,0,46,2,20,2,0,1,0,4
25,1,59,4.7,1,1,44,14,0,20,1,14,1,0,4,4,3
19,1,91,4.7,1,1,35,8,0,36,0,13,1,0,0,1,1
25,1,68,4.8,1,1,45,17,0,0,2,17,0,0,3,0,5
60,1,21,2.9,1,1,37,0,0,19,0,18,1,1,3,3,0
35,1,95,4.0,1,1,40,21,0,32,0,4,0,4,0,2,1
46,1,52,3.1,1,1,30,17,0,43,0,20,0,1,1,0,1
41,1,21,3.5,1,1,38,4,0,15,1,3,0,4,0,4,1
30,1,67,3.7,1,1,15,17,0,26,2,14,1,0,2,2,1
44,1,42,2.8,1,1,49,0,0,42,0,7,0,0,3,0,3
61,1,63,4.6,1,1,40,14,0,32,2,2,1,0,1,2,4
55,1,41,3.8,1,1,40,2,1,13,0,23,2,3,3,2,5
50,1,46,2.6,1,1,5,6,0,5,0,3,0,0,0,3,5
57,1,79,4.1,1,1,5,12,0,47,0,12,2,4,3,3,3
51,1,90,3.3,1,1,5,2,1,10,0,17,0,0,2,2,1
18,1,71,3.4,1,1,1,15,0,24,0,22,2,0,4,0,5
63,1,87,3.0,1,1,21,4,0,5,0,15,1,2,3,4,5
34,1,66,3.2,1,1,18,8,0,10,1,0,0,4,0,3,0
25,1,90,4.5,1,1,49,12,0,2,2,8,1,3,1,0,4
46,1,47,4.8,1,1,27,10,0,13,0,20,1,4,0,2,5
59,1,38,3.7,1,1,21,15,0,16,0,16,0,2,2,4,0
37,1,50,3.4,1,1,19,0,0,15,0,0,1,0,4,0,2
49,1,79,4.6,1,1,23,9,2,19,0,3,1,2,3,2,3
22,1,91,4.1,1,1,26,14,0,44,0,20,0,0,3,3,2
64,1,60,3.5,1,1,13,2,1,27,0,11,0,3,0,0,0
42,1,81,3.8,1,1,36,1,0,27,2,0,1,1,2,0,4
37,1,90,2.6,1,1,39,8,0,35,0,9,1,0,0,0,0
26,1,70,4.4,1,1,40,9,2,39,0,10,0,4,4,2,2
33,1,63,2.6,1,1,37,10,0,6,0,7,0,4,0,2,4
30,1,29,3.6,1,1,9,11,0,23,0,12,0,3,0,4,0
21,1,90,4.2,1,1,7,20,0,0,0,7,0,2,0,4,1
22,1,22,4.6,1,1,25,15,0,7,0,14,1,0,3,0,0
63,1,22,3.3,1,1,42,17,0,22,0,20,1,4,2,4,0
33,1,62,3.4,1,1,19,11,0,29,0,13,0,0,1,2,5
43,1,57,4.4,1,1,41,1,0,3,0,18,1,2,2,2,1
27,1,32,4.3,1,1,50,22,0,48,1,1,1,3,4,0,0
35,1,53,3.5,1,1,43,11,0,23,0,4,0,0,0,3,3
37,1,79,4.7,1,1,36,23,0,27,2,7,0,0,4,4,1
61,1,61,3.1,1,1,33,7,0,41,0,18,2,0,3,2,2
32,1,78,3.6,1,1,20,17,0,32,0,23,1,3,2,0,1
62,1,97,4.8,1,1,37,22,0,2,1,6,2,1,2,4,1
29,1,78,3.7,1,1,12,10,0,25,0,15,2,2,2,3,1
41,1,56,3.2,1,1,46,21,0,21,0,0,1,4,0,3,1
48,1,25,3.9,1,1,28,2,1,19,0,8,1,4,3,4,2
43,1,28,3.5,1,1,30,3,2,2,0,17,0,1,1,3,2
34,1,57,2.8,1,1,28,15,0,27,0,1,0,0,0,0,0
45,1,36,2.7,1,1,20,4,0,37,0,4,0,0,0,2,0
65,1,69,3.1,1,1,39,15,0,28,1,21,2,4,0,0,1
61,1,48,3.6,1,1,48,21,0,24,0,13,0,4,0,0,0
18,1,58,2.9,1,1,32,4,0,4,0,11,0,2,0,1,1
47,1,24,3.6,1,1,28,21,0,25,0,19,0,3,4,3,0
56,1,31,3.5,1,1,27,21,0,21,0,13,2,1,0,4,4
64,1,29,3.5,1,1,26,17,0,21,1,16,1,0,1,4,0
26,1,69,2.8,1,1,22,10,0,39,0,13,1,0,2,1,2
22,1,79,4.7,1,1,23,23,0,46,2,23,1,2,1,0,1
64,1,39,3.1,1,1,21,12,0,26,0,3,1,2,0,2,4
21,1,84,4.9,1,1,36,21,0,31,0,6,0,3,1,0,5
67,1,66,4.1,1,1,42,2,1,11,1,3,0,2,2,2,0
46,1,92,4.7,1,1,4,23,0,20,0,13,0,1,3,4,3
40,1,45,2.5,1,1,47,13,1,20,0,17,2,2,1,1,0
51,1,74,4.4,1,1,13,17,0,34,0,5,0,4,2,0,5
35,1,39,3.9,1,1,8,7,0,39,0,2,0,0,1,0,4
56,1,71,3.7,1,1,11,14,0,34,0,12,2,0,3,2,4
25,1,95,3.4,1,1,5,23,0,18,0,21,0,0,1,4,0
65,1,72,4.8,1,1,1,5,0,33,0,8,0,1,1,1,3
39,1,85,4.2,1,1,17,14,0,33,0,23,0,0,0,3,1
47,1,54,3.4,1,1,27,2,1,19,0,19,0,1,4,4,4
36,1,41,2.9,1,1,3,5,0,31,0,15,0,0,4,2,4
66,1,24,3.3,1,1,22,3,2,7,0,21,0,4,1,3,5
62,1,99,4.8,1,1,24,0,0,24,1,13,1,0,3,0,2
41,1,32,3.8,1,1,18,8,0,21,0,17,0,2,4,2,4
66,1,71,4.6,1,1,39,16,1,19,0,14,1,0,0,0,1
51,1,49,2.6,1,1,25,4,0,37,2,7,2,0,2,1,2
33,1,50,3.4,1,1,6,5,0,21,2,21,0,1,1,0,0
57,1,91,4.2,1,1,26,11,0,26,0,23,0,1,0,0,5
45,1,46,3.9,1,1,43,0,0,29,0,15,0,1,3,2,2
61,1,50,2.9,1,1,6,22,0,31,0,2,0,2,0,1,3
55,1,39,4.2,1,1,6,18,0,44,2,18,0,0,1,2,4
54,1,99,3.0,1,1,13,19,1,0,0,15,1,0,4,0,4
57,1,48,3.6,1,1,13,5,0,26,0,4,2,3,2,3,3
27,1,77,2.5,1,1,11,3,2,36,0,2,0,0,2,0,0
64,1,95,2.6,1,1,45,0,0,11,2,17,0,3,0,4,5
52,1,100,4.3,1,1,8,20,0,6,0,18,0,1,4,3,3
19,1,54,3.3,1,1,8,19,1,43,0,6,0,4,0,1,0
22,1,68,2.6,1,1,34,22,0,9,0,4,0,1,2,0,2
18,1,22,3.6,1,1,40,10,0,11,0,19,0,0,1,2,0
29,1,84,2.6,1,1,14,7,0,3,0,8,2,4,0,2,0
42,1,46,3.5,1,1,11,7,0,26,0,23,1,1,3,1,4
49,1,53,3.0,1,1,8,6,0,15,1,5,2,3,4,3,3
49,1,60,5.0,1,1,8,15,0,0,0,11,0,3,3,4,1
55,1,32,2.5,1,1,37,20,0,48,2,18,0,1,0,4,5
29,1,50,2.9,1,1,23,20,0,19,0,23,1,0,4,2,0
60,1,94,4.6,1,1,38,4,0,42,0,1,0,1,0,0,0
34,1,26,3.6,1,1,38,16,1,30,0,20,0,4,1,0,4
30,1,44,3.0,1,1,12,14,0,43,0,8,2,3,4,1,2
28,1,57,4.5,1,1,15,8,0,9,0,7,1,3,3,0,5
63,1,65,4.5,1,1,38,23,0,16,0,16,2,2,2,3,2
31,1,72,3.2,1,1,41,10,0,0,0,14,2,2,4,0,1
46,1,62,4.0,1,1,37,17,0,16,1,16,0,0,2,3,2
70,1,21,4.8,1,1,16,7,0,12,1,19,2,1,0,0,1
53,1,85,3.7,1,1,25,6,0,20,1,7,0,0,1,4,5
50,1,51,3.8,1,1,18,12,0,37,2,23,1,4,4,0,4
33,1,84,2.7,1,1,4,6,0,10,1,16,0,4,3,1,0
22,1,37,4.9,1,1,12,22,0,16,0,8,1,4,4,0,4
50,1,44,3.1,1,1,35,14,0,31,1,10,1,1,0,3,2
34,1,45,4.2,1,1,45,19,1,28,0,21,0,4,2,4,5
24,1,35,3.8,1,1,16,12,0,0,0,11,1,0,1,1,3
69,1,50,4.2,1,1,10,0,0,15,2,23,2,0,4,2,2
39,1,26,4.6,1,1,34,13,1,30,0,0,1,0,4,4,0
42,1,78,4.0,1,1,43,20,0,1,2,0,0,2,0,1,0
42,1,82,4.0,1,1,38,3,2,18,0,21,0,0,0,2,5
29,1,39,3.8,1,1,48,20,0,0,0,21,0,0,0,3,1
55,1,55,3.3,1,1,31,0,0,26,0,2,1,4,1,3,0
32,1,20,2.6,1,1,20,20,0,42,1,5,1,1,1,0,1
25,1,29,4.9,1,1,12,0,0,29,0,1,0,1,0,1,2
38,1,41,3.5,1,1,2,12,0,6,0,19,2,4,2,0,5
32,1,38,2.8,1,1,30,17,0,5,0,18,2,1,0,4,1
43,1,47,2.6,1,1,28,2,1,22,0,11,1,0,4,4,4
41,1,30,3.7,1,1,40,4,0,5,0,22,1,4,2,2,3
56,1,56,2.7,1,1,46,10,0,7,0,3,1,1,3,3,4
27,1,89,3.3,1,1,15,23,0,30,1,2,2,0,0,1,5
46,1,96,4.6,1,1,38,16,1,47,0,9,0,3,2,0,1
48,1,81,4.9,1,1,30,2,1,38,0,21,0,3,2,3,0
52,1,83,4.9,1,1,32,14,0,39,1,9,0,2,4,2,0
18,1,35,2.7,1,1,36,19,1,11,0,7,2,2,1,4,4
64,1,56,3.2,1,1,32,2,1,0,0,12,1,3,3,1,5
54,1,45,2.9,1,1,14,6,0,24,1,12,1,1,4,2,0
31,1,62,3.8,1,1,8,15,0,21,0,15,2,0,0,3,3
30,1,84,3.0,1,1,27,7,0,46,0,19,0,0,2,4,0
26,1,24,3.9,1,1,24,22,0,11,0,4,1,1,4,2,3
25,1,21,4.7,1,1,30,6,0,26,1,6,0,1,4,3,2
59,1,91,4.9,1,1,34,15,0,10,0,14,2,0,4,2,3
55,1,36,4.8,1,1,28,21,0,4,1,19,2,0,2,2,4
56,1,39,2.5,1,1,27,19,1,16,0,20,0,0,0,2,3
62,1,39,3.9,1,1,31,8,0,43,0,7,0,0,3,1,0
35,1,59,3.4,1,1,23,15,0,22,0,10,2,0,3,0,0
51,1,27,2.5,1,1,11,21,0,8,0,7,2,3,1,1,4
61,1,94,3.0,1,1,48,1,0,8,0,22,0,4,4,0,4
27,1,94,3.6,1,1,17,0,0,25,2,2,0,4,2,0,3
54,1,94,3.6,1,1,36,4,0,19,0,16,2,1,3,3,5
31,1,51,4.1,1,1,33,16,1,4,1,7,0,1,1,0,2
24,1,62,3.7,1,1,27,20,0,26,0,14,0,0,0,3,0
42,1,57,3.1,1,1,14,20,0,10,1,18,0,2,0,1,2
41,1,76,4.2,1,1,5,17,0,48,0,11,0,0,0,1,0
66,1,63,4.3,1,1,47,5,0,45,0,17,1,2,0,0,1
58,1,80,2.5,1,1,28,9,2,3,0,1,0,1,0,0,0
43,1,68,3.5,1,1,11,6,0,34,0,16,0,2,3,1,0
52,1,89,3.1,1,1,18,0,0,26,0,8,1,2,1,1,5
35,1,26,2.5,1,1,21,2,1,18,0,8,1,2,2,2,5
23,1,90,3.9,1,1,22,5,0,46,0,21,2,3,4,0,0
25,1,28,4.9,1,1,33,8,0,11,0,2,0,1,0,0,1
33,1,29,4.3,1,1,49,3,2,15,0,6,0,0,0,1,0
48,1,31,2.6,1,1,10,15,0,11,0,19,0,0,1,2,1
42,1,24,4.2,1,1,18,15,0,0,0,19,1,0,0,3,5
55,1,88,2.6,1,1,28,22,0,41,0,0,1,4,4,3,2
59,1,87,3.6,1,1,25,15,0,23,0,21,0,4,0,3,5
65,1,80,3.2,1,1,6,8,0,36,1,0,1,0,0,3,5
59,1,48,4.4,1,1,44,13,1,23,0,16,2,3,0,4,0
31,1,21,3.7,1,1,30,0,0,20,2,3,2,3,3,4,3
49,1,72,3.7,1,1,42,2,1,15,0,15,0,0,0,2,4
53,1,44,4.1,1,1,30,8,0,28,0,1,0,0,3,3,3
48,1,73,3.6,1,1,33,13,1,6,0,9,0,3,4,1,0
23,1,61,4.3,1,1,24,10,0,23,1,3,0,2,0,3,4
68,1,20,2.6,1,1,13,16,1,5,0,20,2,0,4,4,3
35,1,86,2.9,1,1,19,13,1,19,0,17,1,1,0,2,3
34,1,60,4.2,1,1,23,4,0,7,0,23,0,4,2,2,1
62,1,43,4.0,1,1,35,7,0,6,0,13,2,3,1,0,3
21,1,44,4.3,1,1,22,12,0,3,0,1,0,0,1,4,3
70,1,76,3.0,1,1,14,20,0,35,0,5,0,0,0,1,4
55,1,33,3.5,1,1,47,15,0,0,0,5,1,2,0,2,2
43,1,60,3.0,1,1,50,17,0,23,0,4,0,0,3,2,1
19,1,26,3.1,1,1,33,9,2,34,0,12,0,3,1,3,5
47,1,73,4.0,1,1,7,8,0,47,0,19,2,1,2,2,3
26,1,87,4.1,1,1,3,16,1,38,0,11,0,2,3,0,3
46,1,100,3.3,1,1,35,18,0,44,2,7,0,3,0,1,1
19,1,84,4.9,1,1,13,3,2,2,0,3,2,3,3,3,2
49,1,41,3.9,1,1,42,19,1,43,0,4,1,3,3,3,2
51,1,59,3.9,1,1,5,10,0,15,1,3,2,3,2,3,0
64,1,26,4.8,1,1,23,1,0,4,0,3,2,0,4,4,0
67,1,69,2.7,1,1,11,21,0,29,0,9,1,1,1,3,0
37,1,20,3.1,1,1,23,9,2,4,0,20,0,2,1,0,2
40,1,83,3.2,1,1,2,4,0,31,0,7,1,1,2,1,1
38,1,54,2.7,1,1,33,7,0,27,0,18,0,3,0,3,5
66,1,66,2.5,1,1,6,8,0,46,0,1,0,0,3,0,0
47,1,42,2.6,1,1,45,6,0,9,0,3,0,0,2,2,4
56,1,33,2.9,1,1,25,10,0,32,0,15,0,0,3,0,4
51,1,77,4.2,1,1,24,2,1,22,0,15,1,3,1,4,4
25,1,65,4.4,1,1,10,9,2,17,0,10,0,3,1,4,1
37,1,39,4.1,1,1,7,13,1,32,0,6,1,4,1,0,1
41,1,51,3.8,1,1,1,0,0,25,0,6,1,4,0,2,5
64,1,65,4.9,1,1,45,6,0,25,0,13,2,4,2,4,1
23,1,89,4.9,1,1,37,21,0,40,1,0,1,0,0,2,5
62,1,76,4.1,1,1,14,18,0,48,1,9,0,1,1,3,4
39,1,75,3.1,1,1,25,0,0,26,0,17,0,4,0,2,3
52,1,61,2.7,1,1,18,13,1,38,0,18,1,1,2,4,0
50,1,35,3.8,1,1,37,2,1,44,0,4,0,0,2,0,1
28,1,37,4.3,1,1,30,19,1,36,1,5,0,4,1,0,3
67,1,91,4.1,1,1,34,18,0,9,0,23,2,4,0,0,5
41,1,99,4.4,1,1,49,4,0,33,0,16,0,1,1,2,1
19,1,54,3.6,1,1,48,17,0,42,1,2,1,3,0,0,3
70,1,47,3.3,1,1,33,6,0,21,0,20,2,1,0,3,2
49,1,77,3.6,1,1,44,14,0,27,1,5,0,4,0,0,0
59,1,84,2.8,1,1,50,0,0,1,1,12,0,4,1,4,5
52,1,51,4.3,1,1,47,5,0,30,1,16,0,1,0,1,3
20,1,26,3.9,1,1,24,18,0,36,1,9,1,4,4,3,1
31,1,64,2.7,1,1,43,17,0,29,0,6,1,4,1,2,3
33,1,51,4.7,1,1,14,0,0,25,0,17,0,2,0,4,3
44,1,60,3.8,1,1,3,8,0,48,0,16,0,4,1,2,4
40,1,69,4.7,1,1,33,7,0,22,2,12,0,2,2,2,4
69,1,29,4.7,1,1,38,11,0,2,0,9,0,1,0,0,2
29,1,91,3.4,1,1,46,15,0,11,0,6,0,3,0,4,5
54,1,70,3.5,1,1,19,0,0,26,0,17,0,1,0,0,1
65,1,58,4.0,1,1,20,22,0,37,0,14,1,2,3,3,0
54,1,98,3.3,1,1,42,7,0,46,0,6,0,0,1,0,4
60,1,68,4.7,1,1,34,14,0,23,0,21,1,2,0,0,3
43,1,44,2.8,1,1,5,7,0,15,0,0,1,2,2,0,3
44,1,45,3.3,1,1,3,9,2,45,0,1,2,0,0,3,4
69,1,99,2.9,1,1,46,23,0,0,0,10,0,1,1,3,1
46,1,68,2.8,1,1,16,4,0,22,1,4,0,1,3,4,0
41,1,56,4.2,1,1,21,12,0,38,0,17,0,2,3,2,0
32,1,43,4.4,1,1,34,22,0,23,0,4,2,3,0,1,0
26,1,99,3.6,1,1,9,21,0,28,0,20,2,0,1,3,1
61,1,56,2.7,1,1,36,0,0,16,0,18,0,2,0,3,5
49,1,25,3.4,1,1,22,8,0,38,1,15,0,0,0,1,3
53,1,74,2.8,1,1,2,12,0,43,0,0,2,0,0,0,4
24,1,56,3.4,1,1,32,8,0,2,0,7,2,0,2,0,3
37,1,47,2.6,1,1,29,19,1,42,0,23,0,0,2,0,1
43,1,67,4.1,1,1,27,4,0,45,0,16,1,3,3,4,1
31,1,22,2.9,1,1,33,4,0,37,0,16,2,2,4,1,2
49,1,34,2.7,1,1,16,10,0,11,1,1,0,0,3,4,3
69,1,64,3.7,1,1,11,22,0,23,0,11,0,2,3,0,4
65,1,42,4.3,1,1,11,17,0,31,0,13,0,0,0,0,2
41,1,82,2.6,1,1,17,15,0,19,0,7,2,3,0,2,0
37,1,81,4.3,1,1,37,0,0,2,2,5,1,1,1,0,5
70,1,24,4.1,1,1,18,3,2,39,0,18,1,4,0,3,5
63,1,60,4.2,1,1,13,19,1,8,0,4,0,4,3,1,3
55,1,24,4.2,1,1,7,15,0,2,0,18,0,3,0,3,5
52,1,78,3.1,1,1,37,20,0,14,2,0,2,1,3,0,4
22,1,88,4.9,1,1,8,10,0,1,0,19,2,1,0,0,3
54,1,63,4.4,1,1,11,10,0,19,2,7,0,3,0,0,0
28,1,78,4.4,1,1,8,19,1,29,0,0,1,0,3,4,0
67,1,37,3.4,1,1,31,4,0,2,2,23,2,0,4,0,1
59,1,94,4.5,1,1,26,2,1,25,0,22,0,4,0,2,2
26,1,78,4.5,1,1,20,23,0,9,0,7,0,1,4,1,0
24,1,36,4.1,1,1,24,3,2,25,0,18,2,0,3,0,2
62,1,24,3.2,1,1,45,18,0,12,0,1,2,4,3,2,0
70,1,84,2.7,1,1,33,19,1,4,0,10,0,2,4,2,3
45,1,47,3.7,1,1,21,10,0,35,1,23,0,0,0,0,3
58,1,51,2.6,1,1,2,8,0,33,0,22,0,1,4,0,2
31,1,84,2.7,1,1,28,16,1,17,0,15,1,2,1,0,5
32,1,24,2.7,1,1,18,17,0,13,0,10,1,2,0,4,4
36,1,97,4.8,1,1,21,1,0,47,1,19,0,0,1,2,2
25,1,89,4.8,1,1,24,23,0,30,0,8,2,4,2,1,3
48,1,44,2.6,1,1,15,0,0,4,1,11,0,3,4,3,1
39,1,35,4.5,1,1,38,6,0,11,0,0,2,0,0,3,1
26,1,91,3.2,1,1,38,4,0,1,0,4,2,0,0,3,0
32,1,63,3.8,1,1,13,7,0,34,0,4,2,3,2,4,2
54,1,97,4.8,1,1,39,0,0,12,1,6,0,2,0,0,0
38,1,38,4.1,1,1,8,2,1,21,0,21,1,2,4,4,1
46,1,24,2.8,1,1,4,3,2,36,2,1,0,3,2,3,4
57,1,32,3.9,1,1,6,1,0,12,0,3,2,0,4,0,1
49,1,90,4.9,1,1,11,7,0,0,0,12,1,4,0,4,1
33,1,36,3.4,1,1,49,10,0,24,0,12,1,0,3,4,3
54,1,37,4.1,1,1,30,0,0,29,2,20,2,0,1,3,4
47,1,51,2.9,1,1,34,4,0,0,0,4,1,4,0,0,3
36,1,71,3.1,1,1,28,7,0,10,1,17,0,0,0,3,3
68,1,50,3.6,1,1,36,21,0,42,1,4,0,1,0,4,4
60,1,74,3.5,1,1,18,7,0,16,1,20,0,4,3,1,1
55,1,75,3.4,1,1,4,4,0,22,0,9,1,4,1,3,3
29,1,99,2.9,1,1,42,15,0,22,2,4,0,4,0,2,4
38,1,23,4.7,1,1,11,14,0,12,2,21,0,0,4,0,4
70,1,53,4.4,1,1,31,19,1,45,2,0,2,0,1,1,0
36,1,99,2.6,1,1,12,18,0,26,0,4,0,0,3,0,2
18,1,48,4.4,1,1,20,11,0,16,2,8,0,2,3,4,4
62,1,72,3.7,1,1,37,2,1,36,0,12,0,4,2,2,4
29,1,64,4.4,1,1,26,21,0,20,0,7,0,0,3,2,2
21,1,63,2.5,1,1,14,2,1,38,0,7,0,0,0,1,5
42,1,51,2.6,1,1,12,13,1,1,0,0,0,0,2,4,0
43,1,55,5.0,1,1,10,2,1,6,0,0,0,2,4,1,0
58,1,55,4.9,1,1,19,4,0,15,0,2,0,0,0,0,0
27,1,26,3.7,1,1,4,8,0,8,1,18,1,2,4,0,5
57,1,67,3.1,1,1,48,17,0,31,0,6,1,2,2,0,4
40,1,31,3.2,1,1,37,3,2,3,1,15,0,2,0,3,3
45,1,66,4.4,1,1,4,10,0,3,1,11,2,3,1,0,3
47,1,67,4.3,1,1,15,21,0,12,0,4,1,0,2,1,5
61,1,61,3.0,1,1,33,19,1,4,0,5,2,4,3,1,5
60,1,75,3.5,1,1,30,9,2,4,0,19,0,4,0,0,4
69,1,90,3.6,1,1,23,18,0,31,0,0,0,1,0,0,3
58,1,40,3.8,1,1,2,22,0,45,0,12,1,0,0,0,5
34,1,90,3.6,1,1,50,23,0,7,0,6,0,3,0,1,1
20,1,20,4.6,1,1,34,0,0,45,0,0,0,1,0,0,0
56,1,40,2.5,1,1,33,5,0,4,0,20,1,0,3,1,5
64,1,33,3.5,1,1,34,7,0,27,1,2,0,4,4,2,3
56,1,98,4.0,1,1,39,2,1,18,1,10,0,0,1,3,1
27,1,42,3.5,1,1,47,0,0,18,0,18,0,2,2,1,4
35,1,62,3.2,1,1,37,3,2,41,1,17,1,4,3,3,3
24,1,45,3.5,1,1,40,7,0,29,0,8,2,1,1,4,0
26,1,78,3.4,1,1,8,16,1,42,0,7,1,0,1,1,0
32,1,80,5.0,1,1,12,6,0,46,0,6,0,1,0,0,0
54,1,96,4.5,1,1,36,14,0,5,1,14,0,1,4,0,3
62,1,47,2.8,1,1,48,6,0,46,0,3,1,3,0,3,5
50,1,84,4.9,1,1,47,12,0,33,0,13,2,4,0,3,2
70,1,31,3.1,1,1,2,16,1,41,0,0,0,0,4,0,3
48,1,63,4.8,1,1,24,21,0,45,1,23,0,3,4,0,5
20,1,97,2.7,1,1,40,17,0,47,2,22,0,2,3,0,0
46,1,99,4.6,1,1,50,9,2,16,0,6,2,1,0,2,5
51,1,90,4.4,1,1,25,13,1,13,0,14,2,0,4,0,5
53,1,68,3.2,1,1,20,16,1,30,0,21,0,3,0,2,3
44,1,80,3.0,1,1,10,11,0,10,0,10,0,4,0,4,5
29,1,91,4.9,1,1,32,13,1,6,0,11,1,0,3,0,4
64,1,30,3.6,1,1,31,12,0,15,0,4,0,2,0,0,2
51,1,90,3.8,1,1,48,16,1,5,0,22,0,4,2,0,0
50,1,28,2.9,1,1,23,20,0,29,0,2,0,4,3,2,3
43,1,46,3.9,1,1,1,20,0,8,0,17,2,1,0,0,0
61,1,60,3.6,1,1,4,4,0,45,0,13,0,1,3,2,2
55,1,59,3.5,1,1,3,16,1,32,0,22,0,1,4,0,0
56,1,68,4.0,1,1,3,7,0,33,0,7,0,0,4,0,0
33,1,79,4.8,1,1,44,0,0,40,0,0,1,0,0,0,0
43,1,94,3.9,1,1,5,0,0,30,0,5,2,1,4,2,0
21,1,83,4.5,1,1,50,12,0,20,1,9,1,1,2,4,4
58,1,62,4.8,1,1,2,5,0,8,2,20,0,4,3,1,0
41,1,85,2.6,1,1,29,14,0,29,0,15,0,0,4,3,0
39,1,30,3.1,1,1,11,8,0,16,0,18,1,0,0,4,0
54,1,24,4.7,1,1,37,10,0,39,2,6,0,3,0,1,2
43,1,25,2.9,1,1,32,0,0,24,0,8,0,3,2,2,2
28,1,37,3.8,1,1,27,13,1,29,0,19,1,0,0,1,0
59,1,69,3.8,1,1,31,0,0,38,2,7,1,0,0,4,0
28,1,97,3.0,1,1,36,16,1,33,0,21,1,0,3,2,2
68,1,24,4.1,1,1,34,5,0,31,0,4,1,2,3,0,5
20,1,30,3.4,1,1,15,0,0,10,2,1,1,0,0,0,1
21,1,53,2.5,1,1,14,9,2,34,0,13,0,0,0,1,0
50,1,70,4.9,1,1,46,4,0,8,2,3,0,1,2,0,5
32,1,76,2.8,1,1,33,15,0,15,1,0,2,2,3,4,0
24,1,95,4.5,1,1,41,14,0,6,0,0,0,0,0,2,0
55,1,51,4.9,1,1,39,3,2,19,1,9,2,1,0,3,5
61,1,41,4.9,1,1,7,6,0,25,0,9,2,0,4,0,0
61,1,71,3.5,1,1,29,21,0,17,1,20,2,0,1,0,1
28,1,66,3.5,1,1,18,23,0,36,0,16,1,2,1,4,4
60,1,84,4.9,1,1,15,15,0,25,0,12,2,0,1,1,0
49,1,95,3.0,1,1,39,6,0,44,0,20,2,4,0,3,0
33,1,90,2.8,1,1,11,11,0,33,0,19,1,0,2,0,3
45,1,36,3.7,1,1,4,8,0,25,1,9,1,4,3,0,2
29,1,22,3.6,1,1,33,5,0,33,0,16,0,1,0,4,0
58,1,89,3.3,1,1,37,3,2,15,0,1,2,1,2,2,4
22,1,50,3.4,1,1,32,13,1,40,0,19,0,0,1,0,4
55,1,36,4.0,1,1,44,2,1,17,0,9,0,0,1,1,4
19,1,52,4.6,1,1,41,12,0,24,1,18,0,1,1,0,4
68,1,29,4.2,1,1,44,20,0,18,0,12,0,4,2,0,5
61,1,89,2.8,1,1,32,1,0,8,0,2,0,4,0,4,0
68,1,47,3.7,1,1,13,6,0,9,0,23,0,1,0,0,3
52,1,25,3.4,1,1,48,11,0,37,2,2,0,0,3,2,4
41,1,74,3.0,1,1,3,12,0,25,2,4,0,0,0,0,5
29,1,46,4.8,1,1,39,0,0,20,0,10,0,3,3,4,3
68,1,22,4.0,1,1,7,10,0,31,1,10,0,4,2,0,2
36,1,25,4.9,1,1,11,15,0,21,0,13,1,4,2,0,2
55,1,80,4.9,1,1,47,0,0,18,0,11,0,4,2,1,5
28,1,76,3.3,1,1,28,10,0,9,0,7,0,0,0,2,2
39,1,30,4.4,1,1,17,10,0,35,0,19,1,1,2,0,1
54,1,79,3.5,1,1,11,22,0,29,0,0,0,0,0,3,0
40,1,22,4.2,1,1,12,19,1,11,0,10,2,1,3,4,0
31,1,36,4.2,1,1,7,20,0,42,1,12,0,2,3,1,2
30,1,77,2.7,1,1,19,20,0,17,0,23,0,0,3,4,2
45,1,33,2.8,1,1,24,21,0,44,1,16,0,1,4,0,4
48,1,64,3.8,1,1,19,19,1,7,0,0,2,1,2,4,3
45,1,53,2.6,1,1,39,20,0,33,0,8,0,3,1,3,0
60,1,36,3.0,1,1,1,16,1,44,2,15,0,4,0,1,2
59,1,70,3.3,0,1,10,1,0,14,0,1,0,0,0,2,0
18,1,96,4.9,0,1,48,17,0,2,0,4,2,2,0,3,4
70,1,27,3.3,0,1,24,9,2,19,0,13,0,3,2,2,0
20,1,64,2.9,0,1,42,22,0,10,0,0,2,2,0,4,2
65,1,23,4.4,0,1,20,9,2,47,1,11,0,0,0,1,5
29,1,33,3.1,0,1,49,14,0,29,0,21,1,1,2,0,1
22,1,34,2.5,0,1,25,9,2,31,0,0,2,4,3,2,3
27,1,35,2.6,0,1,21,22,0,13,1,6,1,3,2,2,1
36,1,62,4.4,0,1,12,3,2,10,0,6,1,2,1,4,1
59,1,75,2.6,0,1,21,2,1,33,0,2,0,4,2,2,1
62,1,29,3.3,0,1,35,8,0,0,1,8,1,0,1,0,3
34,1,28,3.5,0,1,42,7,0,48,0,21,0,2,0,1,1
59,1,20,4.1,0,1,3,23,0,0,2,1,0,0,4,3,1
49,1,96,4.0,0,1,11,3,2,22,0,17,2,1,4,3,0
18,1,43,2.7,0,1,22,4,0,36,1,14,1,4,0,3,4
55,1,94,2.5,0,1,47,15,0,48,0,12,0,0,3,1,5
38,1,81,4.3,0,1,33,18,0,18,2,22,0,1,2,4,1
50,1,75,3.3,0,1,50,11,0,31,0,10,1,4,1,2,5
61,1,81,2.6,0,1,46,7,0,36,0,0,1,0,0,1,3
48,1,92,3.5,0,1,34,17,0,10,0,5,0,0,0,2,2
22,1,96,4.0,0,1,33,14,0,3,2,16,0,0,4,1,3
48,1,71,2.6,0,1,45,11,0,40,1,22,0,3,3,0,2
57,1,50,4.9,0,1,32,21,0,23,0,8,1,2,2,2,0
33,1,72,2.9,0,1,47,3,2,32,0,3,0,0,3,4,0
58,1,28,3.7,0,1,5,9,2,46,0,15,2,0,3,3,4
37,1,59,4.4,0,1,49,22,0,1,0,18,0,0,0,1,2
18,1,33,4.4,0,1,48,3,2,34,1,1,1,0,1,0,3
65,1,59,3.8,0,1,22,14,0,36,0,1,0,0,0,0,1
62,1,30,4.5,0,1,45,0,0,10,2,2,0,0,3,1,0
54,1,85,2.6,0,1,30,7,0,38,2,4,2,3,2,4,4
35,1,97,3.3,0,1,43,0,0,45,0,19,1,1,4,0,5
34,1,36,4.1,0,1,48,23,0,2,1,16,0,1,2,0,4
25,1,85,3.0,0,1,23,11,0,42,0,20,2,3,4,4,2
53,1,62,3.0,0,1,27,21,0,0,0,12,2,3,1,3,0
45,1,71,3.4,0,1,7,10,0,46,1,22,2,3,2,0,3
49,1,21,2.7,0,1,2,12,0,16,0,20,2,0,1,3,5
40,1,61,3.8,0,1,33,0,0,1,0,18,0,2,2,3,0
38,1,58,4.2,0,1,27,14,0,5,0,21,0,0,4,0,2
44,1,80,4.7,0,1,6,22,0,31,0,9,0,0,4,1,2
68,1,50,4.1,0,1,20,11,0,39,0,10,0,1,0,4,4
60,1,48,4.2,0,1,46,19,1,6,1,8,2,3,0,4,1
25,1,40,4.8,0,1,25,11,0,5,0,0,2,1,2,0,4
19,1,34,3.0,0,1,30,3,2,40,1,14,1,2,1,0,4
57,1,46,2.6,0,1,48,3,2,27,1,0,0,1,3,1,0
58,1,27,3.2,0,1,47,21,0,43,0,0,1,4,4,0,5
49,1,98,3.6,0,1,27,6,0,10,1,20,0,3,2,1,5
19,1,73,2.6,0,1,45,22,0,31,0,14,0,0,2,0,2
50,1,28,4.4,0,1,2,12,0,26,0,5,0,2,0,1,5
30,1,76,3.0,0,1,39,5,0,6,2,18,0,0,1,0,2
52,1,83,2.9,0,1,24,22,0,41,0,14,0,1,0,0,2
35,1,23,4.3,0,1,8,8,0,40,1,3,0,2,1,2,0
35,1,28,3.1,0,1,8,7,0,6,0,0,0,0,0,0,4
33,1,83,3.0,0,1,6,23,0,19,1,12,0,1,2,4,1
52,1,96,3.6,0,1,12,18,0,21,0,21,2,1,4,4,2
69,1,62,2.8,0,1,26,19,1,41,0,14,0,4,4,0,5
27,1,25,2.8,0,1,50,17,0,25,0,19,0,4,3,0,2
66,1,97,4.9,0,1,2,8,0,34,0,21,2,2,2,4,5
28,1,61,3.0,0,1,31,8,0,41,0,4,0,2,3,0,0
22,1,66,4.1,0,1,4,16,1,30,1,12,1,0,2,1,0
69,1,67,4.6,0,1,32,8,0,45,2,15,0,1,1,3,4
28,1,80,4.8,0,1,11,21,0,18,0,16,1,0,2,3,0
55,1,25,2.6,0,1,47,18,0,27,0,21,0,0,2,0,1
30,1,58,4.0,0,1,37,7,0,30,1,14,0,0,0,0,5
67,1,96,4.2,0,1,39,0,0,9,0,3,2,4,0,3,2
25,1,77,4.5,0,1,24,21,0,3,0,9,0,3,4,1,3
49,1,65,4.9,0,1,11,0,0,12,0,16,1,2,3,3,1
34,1,36,3.1,0,1,36,11,0,16,0,8,0,4,3,1,5
22,1,84,4.0,0,1,40,19,1,36,0,10,2,4,2,2,3
63,1,58,3.2,0,1,25,23,0,7,2,14,0,0,0,0,4
70,1,62,4.3,0,1,12,6,0,31,1,3,0,3,0,1,0
36,1,67,2.5,0,1,38,7,0,19,1,16,0,2,4,0,3
42,1,20,4.9,0,1,40,22,0,13,0,13,0,2,0,0,4
27,1,90,2.7,0,1,10,13,1,32,0,9,1,2,0,0,5
23,1,58,3.4,0,1,47,14,0,13,0,0,2,4,3,4,2
50,1,53,4.8,0,1,22,15,0,6,2,11,0,4,4,2,3
56,1,30,4.7,0,1,35,5,0,30,0,3,2,3,2,2,3
37,1,65,4.7,0,1,46,8,0,27,2,22,2,1,0,4,2
67,1,41,3.9,0,1,30,11,0,15,0,9,1,0,3,3,0
67,1,73,3.7,0,1,20,15,0,11,0,0,0,1,0,0,3
50,1,98,4.3,0,1,25,8,0,31,1,19,0,3,4,0,2
36,1,36,4.1,0,1,29,16,1,5,2,10,2,3,0,0,5
62,1,81,4.6,0,1,2,23,0,47,0,2,1,0,0,4,1
65,1,90,3.6,0,1,32,18,0,19,0,14,2,3,0,0,4
23,1,83,4.8,0,1,37,6,0,11,1,4,1,2,1,0,3
46,1,91,2.8,0,1,16,15,0,29,2,15,2,1,0,0,1
18,1,36,4.7,0,1,32,12,0,13,0,16,1,4,0,4,2
58,1,53,3.9,0,1,42,3,2,0,0,16,0,3,3,2,0
31,1,39,2.6,0,1,6,10,0,18,0,22,2,0,4,1,1
39,1,33,4.7,0,1,23,5,0,33,1,18,2,2,2,3,2
69,1,76,3.5,0,1,27,23,0,33,0,7,0,0,4,4,0
68,1,23,4.4,0,1,43,2,1,26,0,19,2,0,3,3,4
41,1,54,4.4,0,1,25,10,0,38,1,8,0,3,0,0,2
31,1,89,3.0,0,1,30,19,1,26,0,15,1,4,0,0,1
48,1,38,4.2,0,1,7,19,1,47,0,8,1,2,3,0,1
59,1,36,4.3,0,1,17,7,0,40,2,17,2,3,2,2,0
34,1,66,2.6,0,1,10,12,0,7,0,21,0,0,4,3,2
21,1,42,3.3,0,1,40,11,0,8,0,4,0,0,4,4,0
29,1,36,2.7,0,1,50,11,0,15,1,17,2,2,2,4,0
41,1,86,4.2,0,1,24,1,0,33,0,6,0,0,0,1,5
62,1,49,4.0,0,1,8,6,0,5,0,5,0,0,3,3,1
27,1,41,4.0,0,1,6,15,0,10,0,15,1,3,1,0,4
49,1,82,2.9,0,1,44,4,0,8,0,4,0,4,0,1,0
67,1,53,2.6,0,1,47,23,0,40,1,17,0,2,0,3,4
20,1,21,4.8,0,1,6,16,1,9,0,5,1,3,0,4,1
37,1,66,4.4,0,1,11,0,0,18,0,3,0,1,3,0,4
69,1,89,4.0,0,1,41,0,0,26,0,13,1,4,0,0,0
66,1,55,3.6,0,1,46,6,0,27,0,1,0,2,0,4,1
37,1,42,3.2,0,1,9,14,0,32,1,1,1,0,2,4,0
63,1,52,3.1,0,1,37,17,0,34,1,13,0,0,0,3,3
47,1,92,4.2,0,1,13,13,1,31,0,1,2,4,0,3,5
26,1,56,3.0,0,1,24,12,0,40,0,22,1,1,0,2,3
68,1,96,4.2,0,1,47,4,0,24,0,7,2,1,3,3,4
51,1,64,2.9,0,1,21,23,0,47,0,18,2,0,2,4,1
48,1,48,3.7,0,1,22,4,0,5,1,9,2,0,4,4,2
60,1,83,3.6,0,1,16,20,0,28,2,0,1,3,1,3,4
68,1,91,3.6,0,1,37,14,0,22,0,21,1,3,3,2,2
25,1,94,4.5,0,1,3,0,0,48,1,6,0,4,0,0,0
57,1,62,3.2,0,1,33,18,0,11,1,17,0,0,0,0,0
41,1,55,3.9,0,1,15,20,0,16,0,9,0,0,2,2,0
59,1,68,4.6,0,1,42,3,2,35,0,14,0,1,4,0,0
44,1,76,2.5,0,1,42,11,0,39,0,8,2,1,0,0,0
42,1,31,4.3,0,1,19,0,0,20,0,0,2,0,0,0,0
35,1,81,4.1,0,1,26,0,0,28,0,0,0,1,4,3,4
36,1,83,4.6,0,1,39,4,0,35,0,17,2,1,1,3,4
54,1,21,4.8,0,1,24,18,0,13,0,0,0,0,3,2,3
37,1,22,4.9,0,1,23,4,0,38,0,19,0,1,0,2,0
20,1,33,2.8,0,1,44,23,0,12,0,1,1,2,1,0,0
23,1,23,4.9,0,1,34,18,0,35,1,0,0,0,3,0,3
61,1,96,3.5,0,1,43,17,0,30,0,19,1,0,1,0,4
37,1,21,3.8,0,1,45,11,0,29,0,11,0,2,0,3,4
23,1,39,4.5,0,1,4,12,0,16,0,23,0,3,0,1,5
63,1,73,3.4,0,1,19,0,0,38,1,8,0,0,0,1,0
47,1,64,3.9,0,1,29,10,0,17,0,10,0,2,3,1,3
63,1,68,4.1,0,1,27,10,0,12,0,0,1,0,0,1,0
56,1,89,3.0,0,1,37,7,0,13,0,11,0,0,0,1,1
68,1,29,3.3,0,1,11,1,0,22,0,10,1,1,2,1,5
64,1,97,4.9,0,1,28,15,0,2,2,19,1,4,1,2,0
62,1,45,4.3,0,1,31,15,0,38,0,13,2,0,2,1,5
34,1,70,4.1,0,1,50,23,0,12,0,3,2,2,1,4,4
49,1,56,4.0,0,1,42,3,2,7,0,20,1,3,0,4,4
40,1,55,5.0,0,1,18,9,2,0,0,15,0,4,0,1,2
50,1,46,3.1,0,1,6,8,0,30,1,19,2,2,0,1,2
25,1,95,4.0,0,1,33,14,0,41,0,22,2,0,0,4,3
30,1,88,3.2,0,1,13,0,0,32,0,11,2,3,0,0,0
54,1,92,3.9,0,1,26,19,1,43,0,21,0,2,3,3,0
40,1,49,3.9,0,1,17,20,0,28,0,2,1,0,0,0,0
49,1,89,4.5,0,1,3,13,1,18,0,8,0,1,1,2,5
27,1,22,4.4,0,1,7,3,2,5,2,0,2,0,4,3,5
27,1,61,3.1,0,1,46,16,1,11,2,0,1,0,0,4,2
48,1,29,2.9,0,1,14,14,0,18,1,12,0,0,3,4,1
40,1,82,3.7,0,1,23,19,1,21,0,13,2,0,1,0,0
67,1,94,3.2,0,1,20,0,0,7,0,15,0,0,0,1,1
52,1,99,3.5,0,1,38,6,0,3,0,12,0,1,3,0,2
22,1,59,3.0,0,1,16,6,0,22,1,4,0,0,1,4,1
62,1,90,4.1,0,1,48,2,1,45,0,22,1,4,2,1,1
20,1,100,2.9,0,1,8,2,1,47,1,17,2,0,0,2,0
41,1,62,3.8,0,1,16,12,0,36,0,1,2,3,2,0,3
34,1,78,4.1,0,1,5,21,0,23,0,12,0,3,2,0,4
23,1,94,4.6,0,1,14,8,0,34,0,7,0,4,4,4,1
32,1,74,2.5,0,1,18,16,1,36,0,23,1,4,1,1,5
68,1,52,3.7,0,1,14,6,0,15,2,0,0,0,0,2,1
30,1,81,3.8,0,1,5,9,2,43,0,1,0,0,1,0,1
66,1,20,2.6,0,1,15,1,0,35,0,15,2,0,0,1,1
62,1,32,3.7,0,1,3,12,0,42,2,9,1,3,1,4,1
50,1,63,2.6,0,1,12,2,1,25,2,4,0,2,1,0,1
55,1,79,3.1,0,1,43,2,1,36,0,4,0,4,4,0,1
19,1,23,2.5,0,1,35,22,0,43,0,5,2,0,2,1,0
67,1,64,4.9,0,1,36,5,0,15,0,7,2,0,0,0,4
18,1,69,4.5,0,1,3,20,0,13,0,17,2,0,3,0,4
58,1,69,3.4,0,1,27,10,0,12,0,10,0,0,4,0,0
69,1,24,3.9,0,1,21,12,0,14,0,17,2,1,1,0,5
62,1,50,3.7,0,1,18,17,0,11,0,23,1,0,4,4,5
28,1,97,2.6,0,1,16,5,0,31,1,20,0,1,1,2,5
53,1,91,3.4,0,1,18,13,1,33,1,4,0,3,4,4,0
27,1,37,4.9,0,1,19,1,0,11,0,23,0,4,4,0,0
55,1,55,3.9,0,1,1,9,2,12,1,23,2,4,0,0,0
34,1,52,3.6,0,1,39,11,0,14,2,11,2,4,0,0,0
25,1,80,4.6,0,1,49,7,0,11,0,2,0,2,3,4,3
66,1,79,4.0,0,1,43,20,0,36,0,5,0,1,0,1,2
57,1,23,3.6,0,1,31,6,0,30,0,3,1,0,1,2,1
46,1,73,3.5,0,1,40,12,0,42,0,0,2,0,2,4,1
38,1,99,4.1,0,1,2,5,0,28,0,8,0,0,4,0,0
23,1,22,3.0,0,1,46,22,0,10,0,17,0,0,4,3,1
42,1,68,4.4,0,1,35,7,0,29,0,22,1,3,4,2,1
25,1,92,4.4,0,1,42,4,0,20,1,3,0,1,0,1,4
55,1,77,3.7,0,1,3,12,0,48,0,21,2,3,0,4,2
62,1,37,4.8,0,1,32,3,2,28,2,10,0,3,3,2,1
41,1,79,2.9,0,1,48,14,0,28,0,22,2,2,4,2,0
58,1,51,3.1,0,1,34,8,0,9,2,15,2,0,0,1,5
56,1,27,4.0,0,1,15,20,0,26,0,9,1,0,2,0,4
25,1,23,3.0,0,1,22,1,0,27,1,15,0,3,4,2,0
70,1,76,3.9,0,1,2,20,0,12,1,18,1,0,0,0,3
42,1,31,3.4,0,1,30,4,0,30,0,21,0,0,3,0,5
27,1,60,2.7,0,1,27,8,0,16,0,3,2,1,3,0,3
65,1,99,3.5,0,1,18,23,0,44,0,3,0,0,0,4,0
62,1,37,3.0,0,1,8,7,0,47,2,17,2,1,1,1,0
62,1,50,4.5,0,1,48,2,1,35,0,14,2,3,0,4,2
52,1,26,4.1,0,1,24,10,0,27,2,16,2,0,1,0,3
56,1,86,5.0,0,1,43,17,0,12,2,13,0,2,2,1,3
28,1,41,4.0,0,1,8,13,1,19,0,10,0,4,3,0,4
39,1,23,4.9,0,1,49,13,1,24,2,17,2,4,0,3,0
54,1,56,3.3,0,1,2,19,1,3,2,0,0,0,0,1,0
30,1,68,4.1,0,1,38,7,0,12,0,14,0,1,3,0,2
45,1,48,3.6,0,1,4,3,2,46,1,12,2,0,0,0,2
68,1,67,3.0,0,1,31,4,0,21,0,5,0,0,1,0,1
47,1,87,4.1,0,1,34,2,1,33,2,5,0,2,0,2,1
68,1,64,3.9,0,1,45,18,0,21,0,20,0,0,3,1,3
63,1,93,4.1,0,1,30,15,0,44,2,7,0,4,4,2,4
20,1,29,2.8,0,1,2,15,0,5,0,11,1,4,2,1,2
29,1,62,4.8,0,1,44,2,1,40,0,2,2,2,4,4,3
41,1,70,4.6,0,1,1,8,0,6,0,2,2,0,0,1,0
52,1,92,2.5,0,1,1,22,0,43,1,1,2,4,2,4,0
32,1,79,2.7,0,1,27,15,0,16,0,9,0,0,2,0,5
20,1,31,4.0,0,1,14,1,0,32,0,14,0,0,3,2,1
47,1,83,2.7,0,1,41,23,0,35,1,6,0,1,3,0,5
23,1,88,2.9,0,1,25,9,2,10,2,3,2,4,2,2,0
43,1,53,3.0,0,1,47,11,0,43,0,9,0,3,3,3,4
67,1,98,3.3,0,1,20,8,0,46,0,7,0,0,3,0,0
70,1,57,4.3,0,1,42,11,0,15,1,6,0,0,4,3,0
35,1,80,4.4,0,1,16,13,1,47,0,13,2,2,0,0,3
41,1,29,4.1,0,1,32,10,0,22,0,18,0,0,2,1,1
54,1,73,3.1,0,1,37,7,0,23,0,12,0,0,0,3,4
55,1,32,4.5,0,1,1,22,0,2,1,20,0,3,3,3,3
51,1,68,4.8,0,1,37,2,1,48,0,20,0,3,2,0,5
19,1,97,5.0,0,1,5,1,0,37,0,7,0,2,0,4,4
28,1,98,2.8,0,1,31,17,0,42,0,21,0,1,2,4,2
63,1,56,3.7,0,1,18,8,0,18,0,3,0,3,0,2,0
30,1,78,4.4,0,1,39,12,0,8,0,22,2,3,0,4,1
29,1,81,4.5,0,1,8,0,0,28,0,12,0,0,4,4,0
24,1,68,3.0,0,1,20,15,0,27,0,21,2,2,1,4,3
69,1,94,3.9,0,1,23,15,0,35,0,21,2,1,0,2,1
65,1,93,3.9,0,1,38,4,0,2,0,0,0,0,0,3,2
64,1,99,3.5,0,1,45,5,0,31,0,3,0,4,2,0,2
40,1,49,4.9,0,1,44,5,0,46,0,23,2,0,2,2,2
24,1,28,3.4,0,1,20,10,0,42,2,1,2,4,3,3,3
66,1,93,4.1,0,1,34,0,0,39,2,3,2,4,3,3,0
35,1,24,2.9,0,1,10,9,2,27,0,17,0,2,2,3,5
67,1,35,3.4,0,1,3,18,0,18,0,8,0,0,1,3,0
69,1,68,3.2,0,1,23,13,1,39,1,0,0,4,0,2,2
26,1,61,3.9,0,1,42,0,0,15,0,11,1,2,1,0,0
23,1,74,4.1,0,1,30,22,0,7,2,23,0,0,3,2,0
27,1,64,4.5,0,1,21,15,0,41,0,18,1,1,3,0,1
30,1,60,2.8,0,1,50,19,1,29,0,12,0,3,3,3,5
48,1,29,2.8,0,1,16,10,0,39,1,19,0,3,0,0,0
44,1,85,4.6,0,1,32,13,1,28,0,18,1,2,3,4,0
29,1,81,3.0,0,1,14,12,0,12,1,8,1,0,1,0,2
29,1,23,3.6,0,1,42,0,0,16,0,19,0,0,0,4,0
67,1,100,4.5,0,1,47,23,0,46,0,3,0,0,2,1,1
42,1,54,5.0,0,1,21,15,0,17,0,13,0,4,0,2,5
23,1,25,2.9,0,1,37,19,1,10,0,5,0,0,2,1,3
34,1,32,3.1,0,1,10,1,0,30,0,18,1,4,2,1,0
64,1,63,4.0,0,1,18,0,0,24,1,13,0,0,0,3,1
31,1,56,4.5,0,1,2,12,0,22,2,14,0,4,0,3,1
54,1,33,4.5,0,1,40,22,0,0,0,2,2,0,2,3,0
23,1,32,3.1,0,1,43,3,2,23,0,0,1,3,0,3,0
59,1,38,4.4,0,1,14,4,0,37,0,17,1,1,2,1,1
32,1,21,4.7,0,1,41,1,0,9,0,9,1,0,4,0,4
43,1,59,3.1,0,1,38,8,0,38,0,2,2,1,4,1,1
32,1,87,4.2,0,1,12,16,1,40,0,11,0,1,0,4,0
66,1,79,3.0,0,1,19,23,0,23,0,21,2,4,4,0,3
70,1,28,2.6,0,1,23,16,1,23,0,9,1,0,1,1,0
42,1,67,3.4,0,1,49,2,1,23,1,10,1,4,1,2,0
56,1,75,4.2,0,1,29,17,0,22,0,7,0,3,0,2,4
28,1,32,4.6,0,1,14,0,0,2,1,9,0,3,3,2,0
28,1,43,2.8,0,1,19,12,0,15,0,7,0,1,1,0,3
52,1,93,2.7,0,1,19,17,0,5,0,11,0,4,0,1,0
65,1,24,4.0,0,1,48,21,0,34,0,10,0,1,3,0,5
56,1,31,3.1,0,1,19,7,0,3,2,19,0,3,1,2,0
59,1,84,3.7,0,1,45,23,0,23,0,13,2,1,0,0,1
23,1,74,4.0,0,1,17,12,0,45,0,21,2,1,2,0,4
58,1,62,4.6,0,1,15,17,0,30,0,23,0,0,3,2,1
39,1,77,3.8,0,1,11,11,0,12,1,13,1,1,1,1,2
28,1,73,3.5,0,1,1,0,0,35,0,5,1,4,0,0,3
40,1,50,4.6,0,1,17,16,1,41,0,8,0,0,1,0,3
52,1,40,2.8,0,1,37,3,2,7,0,20,2,1,3,0,5
37,1,97,3.7,0,1,40,22,0,37,0,13,2,2,3,0,5
70,1,63,3.3,0,1,50,5,0,41,0,8,0,3,0,3,1
30,1,65,2.9,0,1,20,6,0,43,0,3,0,1,3,3,0
38,1,91,3.2,0,1,8,20,0,18,0,9,0,1,3,3,0
66,1,60,4.3,0,1,16,8,0,0,1,5,0,0,4,0,4
29,1,69,2.7,0,1,9,12,0,10,0,9,2,0,2,0,4
46,1,52,4.2,0,1,12,3,2,46,1,22,0,2,4,4,3
56,1,49,4.8,0,1,26,2,1,26,0,9,0,1,0,1,5
23,1,85,4.8,0,1,44,19,1,35,0,3,0,3,4,2,2
37,1,86,3.4,0,1,19,22,0,40,0,18,0,4,0,1,0
56,1,51,2.6,0,1,43,6,0,0,1,23,2,0,3,3,2
36,1,56,5.0,0,1,5,0,0,12,0,12,2,3,2,0,1
40,1,72,4.4,0,1,5,0,0,10,0,14,0,1,2,2,1
26,1,27,2.9,0,1,31,8,0,37,2,23,0,2,3,0,4
57,1,43,3.4,0,1,11,21,0,1,2,23,1,0,0,0,3
68,1,56,3.4,0,1,34,19,1,7,0,8,0,4,3,0,3
56,1,37,4.9,0,1,14,23,0,30,1,21,0,1,2,0,0
40,1,21,3.6,0,1,42,4,0,25,0,22,0,1,3,4,5
44,1,91,3.0,0,1,15,8,0,22,0,22,2,1,1,4,0
44,1,95,3.9,0,1,47,22,0,43,0,4,1,4,0,0,3
19,1,54,3.2,0,1,23,0,0,25,2,16,0,3,3,1,2
21,1,36,3.2,0,1,23,20,0,38,2,0,0,0,2,0,0
31,1,71,4.3,0,1,1,21,0,6,0,13,0,0,2,0,1
30,1,31,2.8,0,1,28,3,2,43,0,11,1,1,0,0,4
65,1,89,4.5,0,1,37,7,0,12,2,13,0,0,2,1,0
39,1,83,4.1,0,1,4,12,0,35,0,19,2,0,2,0,1
64,1,42,3.6,0,1,21,0,0,18,0,6,0,2,0,0,4
59,1,91,3.0,0,1,50,17,0,7,0,1,1,4,0,3,0
49,1,61,4.0,0,1,34,9,2,12,0,4,0,2,1,0,0
24,1,66,3.5,0,1,20,0,0,41,1,17,1,4,2,0,4
19,1,22,2.5,0,1,25,14,0,25,2,15,0,2,4,4,1
27,1,68,4.3,0,1,26,8,0,31,1,4,2,2,4,0,2
56,1,43,2.8,0,1,4,18,0,0,0,0,0,0,0,0,0
49,1,32,3.7,0,1,39,4,0,0,0,0,0,0,2,2,3
41,1,46,4.3,0,1,29,3,2,4,0,6,0,0,0,0,5
36,1,90,4.0,0,1,47,1,0,47,0,17,1,0,0,3,4
68,1,75,4.7,0,1,5,7,0,6,0,23,0,0,0,0,1
28,1,69,4.5,0,1,18,6,0,12,0,10,2,3,4,0,2
45,1,40,3.1,0,1,10,0,0,13,0,10,0,2,1,1,2
60,1,63,3.8,0,1,25,0,0,13,1,0,0,4,0,0,4
21,1,36,4.9,0,1,2,15,0,47,0,13,1,4,0,0,5
32,1,75,3.2,0,1,48,16,1,13,0,7,2,0,3,4,2
27,1,67,2.9,0,1,41,14,0,24,0,14,1,3,0,0,1
40,1,64,2.8,0,1,42,12,0,22,0,3,0,3,4,1,3
64,1,61,4.0,0,1,44,1,0,20,0,6,0,1,0,3,0
18,1,40,2.6,0,1,6,5,0,44,0,20,2,1,4,0,4
22,1,97,2.7,0,1,5,6,0,30,0,17,0,2,1,0,4
42,1,31,4.1,0,1,8,19,1,17,0,2,0,4,0,1,0
57,1,65,5.0,0,1,24,13,1,28,0,15,0,0,1,3,0
33,1,54,3.0,0,1,42,21,0,18,0,12,0,1,2,4,3
37,1,49,3.6,0,1,24,9,2,15,2,9,0,3,1,4,5
21,1,64,2.8,0,1,38,23,0,21,0,16,0,4,0,4,0
51,1,35,4.6,0,1,41,19,1,19,1,0,2,0,3,0,2
30,1,86,2.9,0,1,48,16,1,11,0,7,2,0,3,4,4
68,1,55,4.8,0,1,16,9,2,20,0,2,2,4,0,0,4
36,1,58,3.3,0,1,4,14,0,47,0,0,0,0,0,4,3
46,1,96,4.6,0,1,8,19,1,0,0,0,0,0,3,0,5
41,1,64,2.6,0,1,1,11,0,22,0,8,0,2,4,0,0
68,1,56,4.0,0,1,4,9,2,35,0,18,0,0,2,2,4
21,1,85,3.8,0,1,20,1,0,18,0,5,2,1,3,1,3
62,1,23,3.9,0,1,40,4,0,2,0,9,0,0,0,0,4
59,1,72,2.6,0,1,8,14,0,11,0,13,0,2,4,2,2
25,1,38,4.3,0,1,42,7,0,2,0,11,1,4,3,2,5
53,1,29,3.6,0,1,38,1,0,22,1,22,2,0,0,1,0
31,1,46,4.2,0,1,34,5,0,2,0,23,0,2,0,4,1
46,1,58,3.9,0,1,14,5,0,10,0,23,0,0,0,3,2
26,1,43,4.7,0,1,39,3,2,13,0,10,0,3,2,0,5
47,1,32,2.8,0,1,40,14,0,46,0,20,0,0,2,3,0
37,1,30,3.0,0,1,49,12,0,47,2,9,2,0,2,2,3
55,1,67,4.7,0,1,33,21,0,19,1,10,1,0,4,3,0
30,1,45,2.5,0,1,25,4,0,41,0,4,1,0,1,1,5
19,1,81,3.1,0,1,48,7,0,25,0,12,2,0,4,4,0
36,1,23,3.6,0,1,22,0,0,26,0,17,0,4,2,1,1
23,1,59,3.5,0,1,1,13,1,12,0,1,0,0,0,3,5
62,1,21,3.1,0,1,47,21,0,32,0,22,1,0,0,3,3
26,1,20,3.6,0,1,20,0,0,8,0,14,0,0,4,1,0
36,1,28,3.5,0,1,10,11,0,29,0,3,2,4,2,2,5
33,1,100,2.7,0,1,39,20,0,27,0,14,2,0,4,1,3
32,1,46,3.6,0,1,15,15,0,45,0,20,0,4,0,2,3
56,1,61,4.5,0,1,11,6,0,26,2,3,0,0,0,1,0
58,1,58,4.1,0,1,38,1,0,17,0,23,2,2,1,4,5
34,1,50,4.2,0,1,41,0,0,10,0,1,0,1,3,0,2
61,1,93,4.0,0,1,18,7,0,40,0,16,1,4,4,2,0
48,1,24,2.8,0,1,13,18,0,16,0,7,1,3,4,4,4
25,1,100,2.6,0,1,43,17,0,20,0,3,1,2,0,4,0
51,1,79,2.7,0,1,12,1,0,27,1,8,0,4,4,0,4
29,1,51,4.5,0,1,3,20,0,21,0,0,1,2,4,1,0
54,1,90,3.7,0,1,12,0,0,11,0,1,2,0,1,1,1
48,1,56,3.4,0,1,46,2,1,10,0,18,1,3,1,0,4
62,1,25,4.6,0,1,21,17,0,24,1,2,0,0,3,2,2
18,1,75,4.1,0,1,23,15,0,0,0,21,1,0,0,4,1
43,1,75,2.6,0,1,4,6,0,24,0,13,1,2,1,2,4
22,1,53,4.6,0,1,45,10,0,3,2,6,1,0,4,3,1
68,1,100,3.0,0,1,24,4,0,36,1,5,0,1,3,0,2
44,1,27,3.4,0,1,3,4,0,41,0,3,0,3,1,3,0
51,1,60,3.5,0,1,12,13,1,20,1,0,0,3,1,4,1
66,1,23,3.5,0,1,34,9,2,5,1,8,0,0,3,0,1
59,1,40,3.7,0,1,39,3,2,48,1,22,2,2,2,1,0
60,1,38,4.8,0,1,35,12,0,20,0,23,1,1,1,3,1
31,1,90,4.9,0,1,8,0,0,39,1,13,1,3,4,1,0
20,1,97,4.9,0,1,42,1,0,32,1,7,1,2,0,3,4
24,1,38,4.7,0,1,6,18,0,18,0,5,0,4,3,1,1
48,1,30,4.9,0,1,3,13,1,20,1,13,1,3,1,1,2
39,1,88,2.9,0,1,29,12,0,39,0,4,0,0,0,4,4
34,1,33,4.4,0,1,32,7,0,7,0,0,2,0,0,2,4
70,1,60,3.2,0,1,45,8,0,21,0,23,2,4,2,2,5
59,1,64,4.6,0,1,21,22,0,30,0,11,1,3,1,2,0
45,1,95,4.0,0,1,41,14,0,35,2,0,0,2,3,0,5
35,1,83,3.7,0,1,23,19,1,21,0,6,2,4,1,3,2
69,1,97,4.2,0,1,14,2,1,24,2,13,2,2,1,0,0
58,1,38,2.9,0,1,24,3,2,45,0,4,0,0,3,2,3
25,1,48,4.8,0,1,25,2,1,29,0,10,1,1,2,0,2
27,1,76,4.4,0,1,13,13,1,1,0,15,0,0,3,4,3
34,1,25,3.4,0,1,3,12,0,25,1,20,1,2,1,4,1
53,1,92,2.8,0,1,42,8,0,10,1,21,0,0,0,1,0
58,1,47,4.2,0,1,2,13,1,10,0,19,0,3,2,0,3
32,1,36,3.8,0,1,26,22,0,43,0,15,0,4,0,0,4
64,1,51,3.1,0,1,24,0,0,2,0,5,0,4,0,1,0
63,1,35,3.2,0,1,6,10,0,48,2,17,1,2,0,1,4
23,1,57,3.0,0,1,25,8,0,29,1,0,1,1,2,3,3
64,1,95,3.6,0,1,11,2,1,46,0,0,1,0,1,1,1
18,1,41,2.5,0,1,20,20,0,30,0,9,2,2,4,0,1
25,1,44,3.4,0,1,25,4,0,11,1,19,2,3,1,0,4
54,1,34,2.5,0,1,35,9,2,42,0,11,0,4,2,3,4
60,1,25,4.7,0,1,11,9,2,4,0,1,0,4,0,0,4
36,1,93,3.2,0,1,41,2,1,44,1,19,2,3,0,0,2
66,1,50,2.9,0,1,17,19,1,8,0,11,2,0,1,1,0
60,1,79,4.9,0,1,1,12,0,0,0,18,0,2,0,3,1
59,1,100,2.7,0,1,30,3,2,24,1,12,0,4,4,3,1
58,1,57,4.7,0,1,47,15,0,36,1,6,0,0,0,4,2
35,1,28,2.9,0,1,34,22,0,23,0,14,0,2,0,4,5
20,1,35,4.8,0,1,18,16,1,17,0,23,2,3,0,4,2
70,1,85,4.6,0,1,33,2,1,36,0,21,0,4,3,4,0
54,1,95,5.0,0,1,42,21,0,35,1,17,1,3,0,4,4
38,1,90,4.8,0,1,2,19,1,42,1,3,1,4,0,4,4
54,1,49,4.9,0,1,1,11,0,34,0,0,1,1,4,0,3
33,1,92,4.6,0,1,23,0,0,24,0,14,2,0,0,0,4
46,1,72,3.9,0,1,42,5,0,25,2,21,2,0,4,0,0
58,1,71,4.5,0,1,3,17,0,0,0,7,1,3,4,3,0
30,1,27,4.7,0,1,16,11,0,33,2,12,2,1,4,2,2
42,1,39,3.9,0,1,46,5,0,2,1,18,0,0,0,0,2
28,1,98,4.4,0,1,31,11,0,22,0,16,2,2,3,3,1
43,1,27,3.9,0,1,15,13,1,3,0,18,0,4,2,0,1
31,1,71,2.8,0,1,48,11,0,0,1,6,0,3,0,4,1
39,1,24,3.5,0,1,11,7,0,12,0,20,0,0,4,0,5
69,1,63,4.3,0,1,20,17,0,47,0,21,0,0,0,1,1
31,1,72,3.9,0,1,6,22,0,28,1,15,0,0,2,1,3
44,1,61,4.0,0,1,24,1,0,37,0,19,0,0,0,0,3
39,1,56,4.1,0,1,18,7,0,48,0,10,0,1,2,1,3
24,1,32,4.3,0,1,1,0,0,35,2,18,1,1,3,3,1
28,1,23,4.2,0,1,13,5,0,45,0,1,1,3,1,4,0
48,1,100,4.0,0,1,2,3,2,45,0,0,0,2,3,0,5
39,1,74,3.6,0,1,26,11,0,27,0,5,0,0,0,0,4
64,1,33,3.3,0,1,31,18,0,18,1,6,0,1,3,3,4
28,1,67,4.1,0,1,43,5,0,47,1,10,0,4,0,0,5
39,1,61,4.7,0,1,12,11,0,19,1,23,1,3,2,2,0
49,1,46,4.4,0,1,22,17,0,25,0,19,1,0,4,4,1
22,1,56,3.4,0,1,3,5,0,25,0,17,0,0,3,0,2
25,1,73,5.0,0,1,23,19,1,10,1,23,0,0,1,4,1
40,1,44,4.6,0,1,26,18,0,1,0,0,1,1,4,3,0
23,1,44,4.0,0,1,37,7,0,9,0,15,2,4,3,1,5
24,1,26,4.1,0,1,42,11,0,23,2,10,1,3,2,4,4
66,1,52,4.9,0,1,15,19,1,16,0,12,0,4,0,4,0
27,1,54,2.7,0,1,10,15,0,2,1,0,1,4,1,0,4
62,1,38,4.5,0,1,3,9,2,31,0,11,1,4,1,4,4
70,1,44,2.7,0,1,44,0,0,32,1,5,0,4,3,1,4
43,1,76,3.0,0,1,23,23,0,24,0,6,0,0,2,0,2
45,1,23,4.5,0,1,6,11,0,37,0,2,2,3,2,3,5
63,1,98,5.0,0,1,9,23,0,10,0,16,2,1,3,4,0
69,1,33,3.8,0,1,16,9,2,20,1,10,0,2,0,2,1
59,1,32,3.1,0,1,46,22,0,11,0,19,1,3,3,4,2
19,1,85,3.4,0,1,24,2,1,8,1,12,0,0,1,1,1
63,1,69,4.8,0,1,22,10,0,0,0,11,1,4,2,2,3
37,1,55,2.7,0,1,13,10,0,0,2,18,0,0,3,2,1
37,1,66,3.2,0,1,20,12,0,19,0,0,1,3,4,0,2
50,1,30,3.9,0,1,46,9,2,20,0,11,0,0,0,0,4
60,1,80,4.2,0,1,10,9,2,0,0,19,2,0,2,0,3
46,1,20,3.0,0,1,39,0,0,32,0,19,1,3,0,0,3
35,1,30,3.0,0,1,44,15,0,38,0,0,0,4,0,3,4
66,1,86,3.7,0,1,7,4,0,36,1,11,2,0,0,4,0
35,1,84,4.4,0,1,3,1,0,4,0,0,0,1,4,0,1
20,1,54,4.6,0,1,44,4,0,27,2,22,1,1,1,2,0
55,1,30,3.0,0,1,31,1,0,18,2,6,0,1,1,4,0
34,1,91,3.6,0,1,48,4,0,8,0,21,2,1,0,1,5
60,1,23,3.9,0,1,18,19,1,47,0,18,2,2,3,3,0
22,1,35,4.1,0,1,27,20,0,41,0,17,0,3,1,0,3
26,1,90,3.9,0,1,1,16,1,42,0,2,2,4,0,4,5
39,1,93,3.9,0,1,34,10,0,12,1,20,0,2,0,0,5
20,1,68,4.5,0,1,5,10,0,26,0,8,2,0,0,0,0
57,1,41,3.4,0,1,12,5,0,27,0,21,0,3,3,0,4
68,1,73,4.1,0,1,14,0,0,30,0,23,2,0,2,4,2
50,1,73,4.9,0,1,40,21,0,41,0,4,0,4,2,3,5
21,1,66,4.4,0,1,39,7,0,13,0,2,1,4,0,0,4
29,1,59,2.7,0,1,50,0,0,45,0,22,1,1,0,0,5
38,1,72,4.8,0,1,5,17,0,40,0,23,0,4,1,2,3
54,1,88,3.3,0,1,35,20,0,8,0,22,1,4,0,2,0
22,1,76,4.4,0,1,6,20,0,19,0,15,1,2,1,0,0
29,1,31,4.6,0,1,22,0,0,35,0,8,2,2,0,0,2
41,1,22,3.1,0,1,27,9,2,34,0,22,1,3,2,3,3
26,1,75,4.5,0,1,33,7,0,47,0,17,0,0,0,2,2
69,1,75,4.0,0,1,47,23,0,35,1,17,0,1,4,4,0
20,1,63,3.1,0,1,48,0,0,8,0,9,2,4,1,1,0
59,1,21,3.9,0,1,22,3,2,29,0,19,0,4,2,0,4
63,1,83,4.5,0,1,8,0,0,22,1,21,0,0,2,3,0
68,1,46,4.4,0,1,5,9,2,47,1,18,2,3,2,3,1
50,1,59,3.6,0,1,16,16,1,27,0,5,1,0,0,0,4
55,1,66,3.4,0,1,26,1,0,48,0,7,1,4,1,4,2
36,1,74,4.0,0,1,8,13,1,46,1,20,0,3,0,4,3
18,1,82,2.6,0,1,17,21,0,20,0,8,1,0,4,0,4
68,1,89,3.2,0,1,50,16,1,0,0,0,0,0,2,4,0
56,1,65,3.2,0,1,22,4,0,11,0,3,0,0,3,4,0
32,1,55,5.0,0,1,19,0,0,9,0,20,0,1,0,0,1
28,1,95,2.9,0,1,14,17,0,4,0,17,2,2,2,0,3
24,1,77,2.9,0,1,35,6,0,11,1,8,2,0,4,0,0
59,1,44,3.5,0,1,43,1,0,9,0,11,2,4,2,3,5
56,1,89,4.0,0,1,24,10,0,47,0,8,0,0,3,4,0
30,1,24,3.9,0,1,17,11,0,2,0,11,0,3,3,2,0
48,1,43,4.9,0,1,49,0,0,6,0,0,2,0,4,0,0
60,1,51,3.8,0,1,17,19,1,35,2,16,1,1,0,0,0
46,1,46,3.5,0,1,40,7,0,38,0,19,1,3,3,0,4
69,1,32,3.7,0,1,43,4,0,18,0,18,1,3,4,0,5
19,1,55,2.9,0,1,19,19,1,14,0,0,0,0,0,2,1
66,1,26,2.8,0,1,40,21,0,2,1,0,1,2,1,0,4
64,1,29,3.7,0,1,13,6,0,21,0,12,1,2,0,1,3
54,1,49,3.0,0,1,20,1,0,29,0,16,0,2,0,1,3
27,1,45,4.8,0,1,21,1,0,6,0,8,0,3,1,2,4
64,1,48,2.7,0,1,18,17,0,42,1,9,2,1,3,0,0
43,1,47,4.5,0,1,44,17,0,33,1,4,2,0,1,0,4
43,1,57,2.7,0,1,26,8,0,0,0,5,0,4,3,1,4
27,1,34,3.5,0,1,34,0,0,39,0,10,0,3,2,3,4
35,1,75,3.5,0,1,24,21,0,29,2,19,0,1,0,1,1
43,1,94,4.5,0,1,23,14,0,35,0,0,0,4,4,3,2
57,1,84,3.8,0,1,3,7,0,35,0,19,2,4,1,2,5
50,1,38,3.8,0,1,2,14,0,22,0,8,1,1,3,0,4
37,1,75,3.2,0,1,23,14,0,0,0,16,2,1,2,4,0
68,1,44,4.3,0,1,8,12,0,14,0,19,0,1,2,0,5
22,1,33,4.5,0,1,30,0,0,3,2,20,1,0,2,2,1
58,1,93,4.2,0,1,48,21,0,10,0,14,0,4,1,3,0
48,1,99,3.0,0,1,21,19,1,48,1,7,2,1,1,0,0
30,1,33,4.1,0,1,9,0,0,21,0,20,0,4,3,0,3
51,1,76,4.6,0,1,8,19,1,45,0,23,0,4,4,2,3
20,1,63,2.9,0,1,29,18,0,9,0,13,1,3,3,2,5
30,1,41,4.8,0,1,3,12,0,23,0,2,2,2,2,0,1
28,1,88,4.5,0,1,11,11,0,4,0,18,2,0,2,0,2
37,1,92,3.4,0,1,16,18,0,45,0,22,1,4,0,2,3
36,1,31,4.3,0,1,25,23,0,32,0,8,1,2,0,2,5
18,1,25,4.2,0,1,32,18,0,21,1,10,0,0,1,3,0
52,1,28,3.6,0,1,28,15,0,3,0,20,0,0,2,0,2
56,1,75,3.7,0,1,36,4,0,20,0,22,0,3,0,3,3
68,1,34,4.0,0,1,7,2,1,6,1,12,0,2,3,4,2
62,1,97,4.9,0,1,2,12,0,3,1,11,2,2,0,3,4
35,1,80,3.1,0,1,6,9,2,34,0,21,1,0,1,0,3
65,1,71,3.7,0,1,30,19,1,32,0,4,1,1,3,0,0
69,1,77,4.2,0,1,46,11,0,33,0,19,0,3,1,0,4
28,1,41,2.5,0,1,39,0,0,9,0,17,0,0,2,0,3
37,1,92,4.3,0,1,8,14,0,18,2,23,1,0,2,4,0
41,1,95,3.1,0,1,46,1,0,9,1,18,0,4,4,1,4
37,1,25,3.0,0,1,40,22,0,0,0,3,0,0,2,2,2
25,1,77,4.0,0,1,21,2,1,34,0,16,0,2,0,0,5
41,1,99,3.5,0,1,33,20,0,0,0,0,1,4,1,1,2
48,1,24,3.2,0,1,3,0,0,43,0,4,2,0,2,4,3
42,1,72,2.7,0,1,48,19,1,33,0,18,1,4,4,0,5
54,1,80,3.0,0,1,8,10,0,47,1,15,2,0,1,3,0
18,1,100,2.9,0,1,24,18,0,39,0,5,2,0,2,3,0
56,1,83,3.3,0,1,10,16,1,13,0,4,1,1,1,0,1
61,1,95,4.9,0,1,25,4,0,18,0,0,0,3,0,0,3
40,1,41,3.7,0,1,3,6,0,4,2,3,1,0,4,0,2
34,1,35,3.5,0,1,45,0,0,47,1,10,0,0,3,2,2
42,1,30,4.7,0,1,15,11,0,22,1,15,0,0,4,2,3
43,1,21,2.6,0,1,34,7,0,22,2,11,2,2,4,0,4
47,1,85,4.1,0,1,21,11,0,3,0,19,0,1,0,4,0
48,1,54,2.8,0,1,22,15,0,6,0,13,2,4,0,2,0
20,1,26,4.7,0,1,24,2,1,24,1,23,0,3,2,3,5
65,1,59,2.9,0,1,33,15,0,12,2,17,0,4,4,1,3
54,1,48,2.8,0,1,13,21,0,46,1,3,2,1,1,4,2
23,1,98,4.3,0,1,17,17,0,13,0,0,1,2,2,2,0
18,1,92,4.8,0,1,25,22,0,17,0,22,1,4,0,1,1
70,1,46,3.4,0,1,15,0,0,5,0,9,2,0,2,1,0
55,1,21,4.3,0,1,4,23,0,14,1,22,0,2,3,3,2
49,1,72,2.7,0,1,43,17,0,43,1,6,0,4,1,2,4
26,1,58,4.6,0,1,12,13,1,25,2,4,0,0,2,0,0
33,1,93,4.1,0,1,3,15,0,26,1,2,0,1,3,4,3
20,1,31,3.4,0,1,1,20,0,40,0,16,0,1,0,3,0
41,1,26,4.5,0,1,6,12,0,2,0,23,2,3,2,2,3
18,1,68,4.4,0,1,26,18,0,47,0,8,1,0,3,4,3
26,1,31,4.0,0,1,6,11,0,11,1,0,1,1,2,1,2
30,1,41,3.4,0,1,22,23,0,14,1,6,1,0,1,0,0
64,1,62,3.2,0,1,45,11,0,30,0,8,0,3,3,0,0
26,1,41,3.4,0,1,50,7,0,4,0,7,0,0,3,0,4
43,1,64,4.3,0,1,50,1,0,47,0,14,2,3,3,1,2
63,1,72,5.0,0,1,39,13,1,20,0,16,1,4,3,2,4
57,1,78,3.5,0,1,50,6,0,9,0,0,2,0,4,4,0
25,1,47,3.1,0,1,27,7,0,44,0,3,2,0,0,3,1
68,1,46,3.9,0,1,38,14,0,33,0,6,1,4,0,2,2
31,1,43,4.0,0,1,37,17,0,23,1,2,2,3,4,0,1
64,1,58,3.5,0,1,50,0,0,12,0,4,1,4,2,2,0
38,1,32,3.6,0,1,40,22,0,7,0,22,2,4,1,3,1
34,1,45,3.0,0,1,3,18,0,21,0,0,2,3,2,3,0
32,1,35,2.6,0,1,45,19,1,26,0,13,1,0,2,1,0
69,1,21,2.9,0,1,8,21,0,17,0,12,2,4,2,1,0
45,1,64,3.1,0,1,7,4,0,19,1,19,2,3,2,0,3
35,1,88,3.3,0,1,13,1,0,32,1,18,0,1,2,4,4
63,1,48,2.9,0,1,29,16,1,28,0,5,1,2,4,4,1
65,1,36,3.9,0,1,7,22,0,12,0,21,1,3,0,0,2
35,1,28,4.7,0,1,50,5,0,35,1,22,1,3,0,2,1
54,1,80,4.4,0,1,33,20,0,32,0,14,0,0,0,2,0
28,1,23,3.6,0,1,30,3,2,38,1,13,1,2,4,0,1
68,1,24,3.2,0,1,40,21,0,31,0,21,1,0,3,0,0
58,1,22,4.0,0,1,49,2,1,32,0,7,0,1,1,0,2
35,1,21,3.5,0,1,32,4,0,19,0,14,0,0,2,4,2
68,1,51,4.6,0,1,18,9,2,40,0,0,0,3,1,4,5
41,1,65,3.3,0,1,50,5,0,23,0,1,1,0,1,3,0
65,1,51,4.0,0,1,13,14,0,40,1,10,0,2,0,3,5
50,1,32,3.4,0,1,1,8,0,4,0,21,1,0,1,0,1
18,1,70,4.2,0,1,16,3,2,22,0,0,0,0,4,3,2
38,1,77,3.9,0,1,6,14,0,33,0,15,1,3,0,3,3
68,1,90,3.9,0,1,21,3,2,31,1,0,1,3,2,2,3
53,1,36,2.8,0,1,36,14,0,33,0,7,1,0,3,4,1
58,1,77,3.7,0,1,20,6,0,25,1,18,1,1,3,0,1
34,1,78,4.9,0,1,8,2,1,9,0,16,1,1,4,2,4
36,1,69,2.6,0,1,22,12,0,34,0,6,1,0,0,1,3
58,1,63,4.9,0,1,3,23,0,47,0,22,1,3,1,1,4
60,1,36,3.4,0,1,46,14,0,2,0,18,2,4,2,1,2
59,1,80,3.9,0,1,42,3,2,41,0,1,2,0,3,2,3
65,1,35,4.0,0,1,1,22,0,29,0,13,1,0,2,0,2
31,1,93,3.0,0,1,29,0,0,4,0,18,2,4,0,2,0
43,1,25,2.6,0,1,14,0,0,12,0,6,0,4,4,1,4
37,1,81,3.2,0,1,4,22,0,1,0,5,0,4,2,3,3
21,1,42,2.6,0,1,41,1,0,12,0,2,0,1,0,3,1
69,1,36,3.2,0,1,4,18,0,12,0,20,0,0,4,2,0
32,1,66,4.1,0,1,47,11,0,0,1,15,0,2,4,0,5
53,1,37,3.9,0,1,44,5,0,42,0,0,0,0,2,4,0
59,1,45,4.1,0,1,37,23,0,16,0,23,2,4,3,4,3
64,1,86,2.7,0,1,21,5,0,13,1,0,1,1,0,2,4
63,1,24,4.6,0,1,46,21,0,29,0,12,2,2,1,2,2
43,1,22,3.5,0,1,1,15,0,17,2,5,1,0,3,0,0
19,1,53,5.0,0,1,35,6,0,21,0,16,0,3,2,3,5
40,1,41,3.4,0,1,49,9,2,29,0,15,0,0,2,4,3
51,1,64,3.1,0,1,47,18,0,2,0,1,1,0,4,3,0
51,1,40,3.4,0,1,24,6,0,34,0,2,2,0,0,0,1
66,1,33,4.0,0,1,28,1,0,42,0,3,1,1,3,2,2
42,1,59,2.7,0,1,22,23,0,47,0,11,2,3,4,0,4
22,1,73,3.6,0,1,20,12,0,42,0,4,0,4,1,0,5
31,1,22,4.0,0,1,25,8,0,42,0,12,2,3,1,0,5
18,1,73,3.8,0,1,15,2,1,38,0,5,0,2,1,4,4
21,1,62,3.4,0,1,49,1,0,9,0,21,0,2,2,4,0
35,1,56,3.2,0,1,10,3,2,0,0,14,2,3,1,2,2
35,1,90,4.7,0,1,21,12,0,4,0,0,0,4,2,1,0
27,1,44,3.1,0,1,34,21,0,46,0,4,2,3,2,0,5
65,1,35,3.3,0,0,41,10,0,35,0,18,1,3,2,2,5
41,1,71,4.8,0,0,30,12,0,33,1,10,1,3,0,4,2
60,1,52,4.5,0,0,24,4,0,19,1,0,0,3,2,2,0
61,1,37,3.4,0,0,6,16,1,16,0,12,1,1,4,1,0
24,1,95,3.7,0,0,14,19,1,44,0,7,2,0,0,1,0
65,1,97,4.9,0,0,37,20,0,30,0,23,0,4,0,1,0
23,1,57,3.5,0,0,37,3,2,2,1,9,0,2,2,4,4
30,1,93,4.6,0,0,28,15,0,29,0,8,0,0,3,3,5
33,1,48,4.6,0,0,43,1,0,21,0,15,2,4,3,3,0
22,1,75,4.2,0,0,25,5,0,11,0,17,0,1,4,0,0
67,1,70,3.7,0,0,4,18,0,8,1,10,2,4,1,3,0
28,1,26,3.0,0,0,13,6,0,22,1,14,2,1,2,4,2
32,1,73,4.6,0,0,32,15,0,31,0,20,2,1,4,0,3
40,1,30,3.2,0,0,1,3,2,26,0,0,1,0,1,0,0
64,1,61,3.5,0,0,4,16,1,5,0,1,1,1,2,0,0
56,1,75,2.6,0,0,33,6,0,42,0,0,2,2,3,0,0
63,1,88,4.9,0,0,45,9,2,40,2,12,0,4,3,0,2
20,1,67,2.7,0,0,20,15,0,22,0,20,1,1,0,2,2
54,1,95,4.7,0,0,1,7,0,25,1,23,0,4,0,3,2
31,1,69,4.0,0,0,7,21,0,46,1,20,0,0,1,1,0
36,1,87,3.5,0,0,48,15,0,38,0,9,0,4,2,1,1
25,1,41,4.8,0,0,46,0,0,13,2,20,2,1,3,0,4
20,1,67,4.0,0,0,34,22,0,32,0,19,0,0,1,2,0
62,1,70,4.1,0,0,36,8,0,46,0,0,0,1,0,0,3
69,1,41,3.8,0,0,44,6,0,22,2,1,2,3,2,2,1
54,1,83,5.0,0,0,48,10,0,0,2,23,1,2,0,0,5
39,1,22,4.0,0,0,12,0,0,3,0,0,0,4,2,0,0
56,1,20,3.9,0,0,19,19,1,10,0,9,1,0,4,0,1
39,1,29,3.4,0,0,49,11,0,39,0,4,1,4,0,4,0
37,1,87,3.0,0,0,25,21,0,32,0,2,0,1,3,4,2
25,1,81,4.9,0,0,25,17,0,26,0,11,0,1,0,0,0
35,1,58,3.2,0,0,1,2,1,7,0,4,0,0,0,1,4
45,1,83,3.8,0,0,19,18,0,12,0,15,2,4,3,0,0
19,1,59,3.8,0,0,7,12,0,2,2,13,0,2,4,1,4
21,1,93,4.7,0,0,19,23,0,31,0,9,0,2,0,1,3
65,1,87,3.8,0,0,9,23,0,11,1,0,0,2,0,0,2
49,1,22,4.6,0,0,37,9,2,23,0,15,2,4,1,3,4
30,1,71,4.4,0,0,15,10,0,39,1,3,1,0,3,0,3
23,1,69,3.4,0,0,30,4,0,10,2,6,0,3,0,3,0
69,1,47,4.7,0,0,30,1,0,5,0,4,2,4,3,0,1
29,1,50,2.9,0,0,16,8,0,9,0,13,1,0,0,2,0
54,1,96,3.4,0,0,14,23,0,18,0,15,2,0,0,3,1
45,1,39,3.2,0,0,8,22,0,18,0,22,2,4,1,4,4
25,1,84,2.8,0,0,40,17,0,19,1,0,2,0,0,2,0
34,1,28,4.3,0,0,24,11,0,6,1,10,0,4,1,1,3
46,1,51,3.3,0,0,14,23,0,19,0,21,1,0,3,0,2
70,1,20,3.3,0,0,39,14,0,30,2,5,0,0,3,3,0
42,1,72,3.3,0,0,21,16,1,6,1,19,2,3,1,3,5
45,1,33,3.0,0,0,32,21,0,19,0,8,0,0,2,4,4
57,1,28,2.8,0,0,45,3,2,12,1,12,1,1,0,2,5
49,1,53,4.0,0,0,19,1,0,44,1,21,0,1,0,3,3
23,1,48,4.3,0,0,1,10,0,48,0,0,0,2,0,2,1
47,1,21,3.8,0,0,12,17,0,11,0,2,2,4,4,4,2
23,1,22,4.2,0,0,26,15,0,0,1,18,0,0,1,1,5
21,1,87,3.1,0,0,12,0,0,10,0,6,0,2,2,0,3
45,1,50,2.6,0,0,36,0,0,37,1,3,2,0,1,0,1
67,1,85,3.4,0,0,22,1,0,30,0,0,1,0,0,1,0
31,1,98,3.1,0,0,16,10,0,23,0,2,0,1,2,3,4
58,1,34,3.6,0,0,31,4,0,41,0,16,2,2,0,4,0
57,1,61,2.6,0,0,43,17,0,40,0,16,1,0,0,0,4
42,1,98,4.2,0,0,50,11,0,33,0,6,1,0,4,4,0
60,1,61,2.9,0,0,37,6,0,40,0,7,0,3,0,1,5
21,1,98,4.2,0,0,23,11,0,21,0,18,2,1,0,0,5
69,1,21,3.3,0,0,10,12,0,47,0,3,0,0,2,0,1
41,1,51,3.6,0,0,20,12,0,6,2,19,2,4,2,0,3
51,1,80,4.3,0,0,18,13,1,14,2,22,0,1,0,4,1
23,1,72,3.3,0,0,3,18,0,23,2,2,2,2,3,0,5
57,1,63,3.0,0,0,23,21,0,20,0,19,2,3,3,3,5
40,1,27,3.6,0,0,27,18,0,46,0,17,2,1,4,0,5
65,1,44,3.1,0,0,44,6,0,0,0,2,1,0,4,0,2
61,1,23,2.9,0,0,41,3,2,27,0,23,2,0,0,4,4
34,1,93,3.9,0,0,41,18,0,24,0,19,2,0,0,0,0
43,1,70,3.2,0,0,36,8,0,48,0,15,0,1,0,2,1
31,1,85,3.1,0,0,38,21,0,23,0,22,0,1,0,4,1
57,1,40,3.2,0,0,34,22,0,33,0,18,2,3,0,0,0
34,1,29,3.3,0,0,14,2,1,39,0,1,2,2,4,4,4
25,1,27,4.8,0,0,23,18,0,4,0,0,0,4,2,1,2
66,1,93,3.8,0,0,18,4,0,19,1,0,0,2,0,1,2
56,1,20,4.6,0,0,45,0,0,6,2,3,0,0,2,0,3
49,1,55,2.8,0,0,14,11,0,27,1,4,0,3,1,0,5
19,1,94,3.6,0,0,48,4,0,20,0,23,0,0,3,2,0
27,1,56,4.3,0,0,17,7,0,36,0,18,2,2,1,4,0
68,1,58,4.0,0,0,1,22,0,16,0,7,0,4,2,3,5
20,1,44,3.5,0,0,39,18,0,21,2,14,0,1,3,3,5
21,1,95,4.9,0,0,24,8,0,9,1,7,0,3,0,0,5
36,1,42,3.1,0,0,41,13,1,10,0,2,1,1,0,0,2
37,1,93,3.9,0,0,28,11,0,43,0,9,2,4,4,3,0
61,1,56,3.0,0,0,34,4,0,6,0,3,1,3,4,4,4
68,1,88,4.1,0,0,41,8,0,29,0,13,0,0,0,4,4
60,1,54,4.3,0,0,27,22,0,0,1,4,2,4,0,0,0
69,1,89,3.8,0,0,46,11,0,21,0,9,0,3,0,2,2
25,1,45,3.9,0,0,2,13,1,25,0,8,1,4,0,3,1
32,1,75,4.3,0,0,45,20,0,0,0,2,2,1,1,0,3
53,1,22,4.3,0,0,34,0,0,20,0,15,0,1,0,0,5
46,1,82,4.7,0,0,9,15,0,12,2,20,0,1,4,1,0
58,1,34,3.1,0,0,1,16,1,9,0,5,1,3,0,0,0
21,1,92,2.7,0,0,17,3,2,46,0,1,1,0,1,3,0
46,1,78,3.7,0,0,6,22,0,30,0,9,0,0,0,3,5
18,1,47,3.3,0,0,12,9,2,13,0,21,0,0,0,0,0
56,1,64,3.4,0,0,10,9,2,1,0,4,1,0,1,4,1
18,1,44,4.7,0,0,4,19,1,21,0,16,2,0,1,0,2
49,1,94,4.9,0,0,8,0,0,41,0,17,2,2,4,2,0
29,1,62,4.3,0,0,41,14,0,44,0,3,2,0,1,4,5
67,1,81,4.2,0,0,49,11,0,32,1,6,1,0,2,1,5
31,1,33,3.7,0,0,49,23,0,13,0,15,0,3,0,0,4
52,1,88,2.7,0,0,40,12,0,42,0,9,0,1,2,0,2
42,1,49,3.3,0,0,30,6,0,33,0,9,2,0,1,1,3
32,1,31,4.8,0,0,4,0,0,16,0,23,1,0,3,2,4
47,1,29,4.1,0,0,22,5,0,13,1,14,0,0,2,4,3
45,1,34,4.6,0,0,22,9,2,18,0,2,0,2,0,4,3
20,1,38,4.9,0,0,10,22,0,24,0,5,0,0,0,0,4
66,1,41,3.1,0,0,23,1,0,11,0,15,1,3,4,0,0
52,1,34,3.0,0,0,43,1,0,1,0,14,0,3,0,2,4
50,1,26,3.7,0,0,31,5,0,31,1,21,1,1,4,3,0
62,1,98,4.0,0,0,38,10,0,24,1,16,2,2,4,0,0
38,1,59,3.0,0,0,22,19,1,13,0,14,0,0,0,2,1
65,1,92,3.8,0,0,45,7,0,13,1,22,0,2,4,0,1
60,1,40,3.7,0,0,21,0,0,33,0,8,0,0,0,2,2
68,1,20,4.0,0,0,9,10,0,47,1,21,0,2,0,2,2
62,1,35,3.1,0,0,34,18,0,38,1,2,0,2,4,4,5
62,1,35,3.9,0,0,26,0,0,35,0,11,0,3,0,4,5
40,1,82,3.7,0,0,1,4,0,32,0,10,2,1,0,0,5
32,1,48,3.9,0,0,47,8,0,3,0,3,0,2,0,4,5
22,1,58,2.7,0,0,30,3,2,22,2,8,2,0,0,1,5
33,1,57,3.9,0,0,48,22,0,28,0,20,0,1,0,2,2
57,1,96,2.6,0,0,31,17,0,37,0,20,2,0,4,4,0
60,1,97,3.5,0,0,33,19,1,27,1,6,1,3,1,4,2
30,1,42,4.4,0,0,39,22,0,16,0,14,2,2,2,1,5
41,1,62,4.9,0,0,46,23,0,1,0,5,0,4,4,2,5
58,1,67,3.9,0,0,24,6,0,37,0,7,0,1,3,4,0
34,1,46,3.5,0,0,37,19,1,43,0,5,1,3,3,4,2
67,1,71,4.3,0,0,7,9,2,40,0,9,0,1,2,2,3
58,1,99,3.4,0,0,6,0,0,0,1,1,0,1,1,2,2
41,1,28,2.7,0,0,16,10,0,18,0,10,0,1,3,0,0
42,1,77,3.6,0,0,33,0,0,47,0,1,1,0,3,0,0
50,1,63,4.9,0,0,18,2,1,26,1,1,1,4,0,3,0
40,1,62,3.5,0,0,24,17,0,11,0,12,0,1,1,3,5
32,1,92,3.8,0,0,24,10,0,24,0,22,1,2,1,0,4
51,1,72,4.5,0,0,48,16,1,29,0,22,2,4,0,1,1
26,1,79,4.0,0,0,4,7,0,44,0,16,1,4,0,0,5
32,1,27,4.7,0,0,20,23,0,6,0,22,1,1,1,0,5
58,1,39,3.8,0,0,47,21,0,31,0,22,0,1,0,2,1
51,1,86,4.5,0,0,50,20,0,26,1,14,0,0,2,0,4
19,1,94,5.0,0,0,31,15,0,45,2,5,0,3,0,3,3
57,1,53,2.8,0,0,29,17,0,17,0,19,0,1,0,3,4
66,1,85,4.4,0,0,4,15,0,5,1,4,1,0,3,0,0
62,1,50,4.7,0,0,40,20,0,16,0,15,0,0,1,0,0
58,1,47,3.8,0,0,31,12,0,11,2,10,2,1,0,0,3
23,1,75,4.9,0,0,41,2,1,39,0,15,2,0,2,1,5
45,1,60,4.2,0,0,44,23,0,12,0,20,2,3,0,2,0
20,1,36,4.9,0,0,31,23,0,43,1,15,0,0,0,0,5
33,1,80,3.9,0,0,45,3,2,27,0,6,0,2,0,0,1
30,1,96,4.9,0,0,50,7,0,35,0,22,0,4,0,1,4
50,1,80,4.8,0,0,7,21,0,14,0,1,2,1,0,4,0
62,1,71,3.3,0,0,5,1,0,17,0,4,1,0,1,0,1
69,1,29,4.6,0,0,48,11,0,16,0,1,0,2,1,0,3
34,1,53,4.5,0,0,19,11,0,16,0,23,0,0,0,3,2
49,1,35,4.1,0,0,39,18,0,12,0,3,1,4,0,4,2
65,1,75,3.2,0,0,45,14,0,15,0,9,0,0,0,1,4
66,1,52,4.2,0,0,35,12,0,38,0,19,0,0,0,1,3
41,1,77,4.8,0,0,8,7,0,24,0,0,2,3,1,4,3
37,1,24,4.1,0,0,11,5,0,43,0,1,0,1,2,1,4
32,1,78,3.7,0,0,32,15,0,22,2,16,2,4,4,0,0
42,1,98,2.6,0,0,46,13,1,48,0,5,2,0,4,0,1
31,1,57,3.0,0,0,7,20,0,43,0,1,2,2,3,3,1
61,1,78,4.4,0,0,1,6,0,0,0,0,1,0,0,2,0
36,1,76,4.7,0,0,32,9,2,15,0,3,0,0,2,1,3
60,1,26,2.7,0,0,31,17,0,39,0,16,0,4,0,1,0
51,1,78,2.8,0,0,39,13,1,6,0,13,2,2,0,0,4
68,1,53,2.9,0,0,9,14,0,47,0,23,1,2,3,4,4
46,1,100,4.4,0,0,49,13,1,1,2,4,1,2,1,1,5
19,1,73,2.7,0,0,34,10,0,17,2,23,2,1,0,0,1
30,1,40,4.5,0,0,35,18,0,29,0,11,2,1,4,0,3
51,1,76,2.8,0,0,50,5,0,48,1,0,2,1,4,2,5
28,1,80,3.1,0,0,4,18,0,6,1,9,0,4,1,0,2
41,1,80,3.8,0,0,32,22,0,36,2,21,2,0,4,0,5
29,1,67,2.9,0,0,11,1,0,32,2,12,0,0,0,3,2
25,1,61,3.8,0,0,49,22,0,15,0,19,0,1,0,1,0
60,1,76,4.7,0,0,9,15,0,37,2,19,0,0,3,0,0
63,1,55,3.2,0,0,30,11,0,1,2,0,1,4,1,3,0
51,1,85,4.0,0,0,33,23,0,4,0,11,1,0,2,0,3
22,1,69,4.9,0,0,8,14,0,17,1,14,0,4,0,2,0
54,1,26,3.7,0,0,29,0,0,28,0,0,1,1,4,2,2
18,1,64,4.8,0,0,4,23,0,14,0,18,1,1,2,1,3
29,1,60,3.6,0,0,19,19,1,39,1,14,0,0,3,2,3
59,1,36,4.6,0,0,10,5,0,27,0,20,2,2,0,3,2
25,1,21,4.3,0,0,39,13,1,5,0,13,0,4,0,2,3
19,1,72,3.2,0,0,21,0,0,48,1,4,0,0,0,4,4
56,1,62,3.8,0,0,12,12,0,23,1,18,1,4,4,0,3
31,1,44,4.2,0,0,9,23,0,0,2,5,2,2,3,1,2
45,1,52,3.4,0,0,20,18,0,6,0,2,0,2,0,4,4
23,1,58,4.7,0,0,44,5,0,12,0,18,0,0,2,0,2
18,1,77,3.9,0,0,16,1,0,46,1,0,0,3,0,2,1
43,1,99,4.3,0,0,27,1,0,48,0,21,0,2,4,2,2
56,1,96,2.7,0,0,14,10,0,11,2,21,0,0,3,0,1
43,1,64,4.6,0,0,24,23,0,0,0,9,1,1,3,1,3
64,1,44,2.9,0,0,49,22,0,47,2,17,0,1,0,0,5
67,1,33,3.6,0,0,14,12,0,12,0,16,0,0,1,0,5
63,1,71,3.9,0,0,6,2,1,40,0,2,2,2,2,1,4
54,1,36,2.6,0,0,20,18,0,11,0,6,0,1,3,4,4
69,1,62,3.6,0,0,3,5,0,36,0,15,0,0,0,1,0
34,1,29,3.4,0,0,5,20,0,34,0,10,1,1,4,1,3
56,1,33,3.5,0,0,46,23,0,40,0,3,0,2,0,0,0
34,1,33,3.1,0,0,8,1,0,28,0,23,0,3,0,2,3
58,1,41,4.3,0,0,13,1,0,28,0,17,2,0,3,0,0
44,1,54,5.0,0,0,25,14,0,40,0,1,2,2,4,0,4
25,1,58,4.9,0,0,39,0,0,8,0,4,0,3,4,2,2
27,1,30,4.3,0,0,15,17,0,1,1,15,1,0,2,0,0
26,1,53,4.4,0,0,35,11,0,26,1,11,2,1,3,0,3
18,1,91,4.4,0,0,46,5,0,2,0,0,0,0,2,0,0
64,1,44,3.5,0,0,3,8,0,32,2,5,0,0,0,3,3
62,1,89,3.4,0,0,48,8,0,39,2,20,2,0,1,1,5
59,1,57,2.5,0,0,27,18,0,31,0,14,0,2,2,0,5
36,1,57,3.4,0,0,5,21,0,9,0,9,0,2,4,1,5
69,1,74,2.6,0,0,48,11,0,27,0,6,1,4,2,2,4
39,1,30,4.6,0,0,12,9,2,3,0,1,0,0,0,4,5
28,1,20,3.7,0,0,10,4,0,6,0,17,1,4,0,3,2
42,1,90,2.5,0,0,48,8,0,1,0,16,0,1,1,2,0
31,1,61,4.5,0,0,3,10,0,45,0,8,0,2,0,2,3
57,1,51,2.9,0,0,19,13,1,26,0,5,0,0,3,4,3
53,1,97,2.9,0,0,11,21,0,0,0,19,2,4,1,2,2
59,1,97,3.5,0,0,25,12,0,41,0,10,0,3,2,4,3
32,1,40,4.2,0,0,42,17,0,30,0,11,2,4,4,3,5
65,1,85,3.3,0,0,34,11,0,13,1,1,1,2,1,0,4
56,1,76,3.9,0,0,50,20,0,1,1,0,2,4,4,0,4
31,1,22,5.0,0,0,21,13,1,29,1,12,0,0,4,4,3
59,1,63,3.3,0,0,37,12,0,31,0,5,1,0,3,0,5
22,1,71,4.2,0,0,46,23,0,26,1,18,0,3,1,0,3
47,1,35,4.9,0,0,14,2,1,10,0,19,1,2,0,0,2
23,1,30,4.6,0,0,24,0,0,43,0,7,0,0,0,3,2
69,1,74,4.8,0,0,36,18,0,29,0,13,0,0,4,1,1
18,1,71,2.7,0,0,19,14,0,8,2,3,2,1,2,2,0
50,1,84,4.3,0,0,12,22,0,15,1,0,0,3,4,1,3
29,1,38,3.8,0,0,13,13,1,30,1,23,0,4,0,2,4
65,1,81,4.9,0,0,32,11,0,1,0,6,0,1,0,2,0
29,1,56,3.4,0,0,5,22,0,4,1,3,2,0,0,1,0
49,1,48,3.6,0,0,29,18,0,15,0,14,2,4,0,0,0
28,1,97,3.4,0,0,40,17,0,0,0,7,0,4,3,1,2
51,1,74,4.7,0,0,44,0,0,0,0,10,0,3,0,0,5
26,1,50,3.0,0,0,3,8,0,5,1,0,2,3,2,2,0
38,1,71,3.4,0,0,35,18,0,9,0,0,2,4,1,3,0
35,1,33,4.6,0,0,33,18,0,10,1,16,1,3,3,2,3
34,1,56,3.1,0,0,20,0,0,44,0,12,1,1,0,3,0
51,1,84,2.8,0,0,40,1,0,5,0,16,0,0,3,0,1
47,1,36,3.5,0,0,13,15,0,20,0,7,0,0,4,4,0
18,1,63,4.6,0,0,9,5,0,15,1,14,1,3,3,3,3
64,1,36,4.3,0,0,7,13,1,25,2,1,1,3,3,0,0
30,1,63,4.8,0,0,42,9,2,20,0,6,0,4,1,3,4
59,1,32,2.9,0,0,44,19,1,42,0,0,2,4,0,1,2
66,1,93,3.0,0,0,6,0,0,29,0,18,0,4,0,3,0
40,1,29,2.9,0,0,8,12,0,7,0,15,1,2,3,0,1
25,1,92,3.7,0,0,10,21,0,22,1,9,1,3,3,3,5
59,1,33,4.7,0,0,46,10,0,9,0,2,0,2,3,4,4
66,1,52,3.5,0,0,26,12,0,31,0,20,0,0,4,0,5
54,1,42,2.7,0,0,6,11,0,11,1,12,0,3,4,2,1
42,1,36,5.0,0,0,47,8,0,18,0,22,0,0,1,1,1
48,1,67,4.1,0,0,28,13,1,24,0,21,1,0,2,4,0
34,1,43,2.7,0,0,23,9,2,20,0,5,2,2,1,0,0
19,1,68,4.8,0,0,45,1,0,31,2,21,0,2,1,0,2
70,1,60,4.3,0,0,44,11,0,21,1,19,1,3,0,3,1
43,1,53,4.5,0,0,11,20,0,6,0,12,1,4,0,0,3
46,1,23,3.8,0,0,39,10,0,15,0,1,0,0,3,2,0
66,1,57,3.7,0,0,20,5,0,33,0,10,2,0,4,3,1
50,1,89,3.9,0,0,48,7,0,0,0,6,0,4,0,3,2
55,1,99,3.3,0,0,46,16,1,43,2,14,2,3,3,1,4
63,1,28,3.4,0,0,22,12,0,0,0,4,0,1,0,3,3
32,1,53,3.8,0,0,45,20,0,47,0,21,1,2,2,0,0
30,1,45,2.7,0,0,49,8,0,2,0,5,2,2,1,0,1
35,1,38,2.9,0,0,9,8,0,8,0,5,2,2,0,1,1
59,1,49,4.5,0,0,41,12,0,16,0,22,1,0,3,1,4
59,1,32,2.6,0,0,2,15,0,30,0,6,1,2,4,3,3
54,1,37,3.1,0,0,39,23,0,5,0,2,2,2,2,3,0
63,1,80,4.7,0,0,12,4,0,25,0,6,2,4,4,3,4
43,1,78,4.6,0,0,26,0,0,2,0,1,1,0,1,3,1
33,1,53,2.7,0,0,32,5,0,5,0,5,1,0,2,0,0
57,1,82,4.6,0,0,50,16,1,18,0,23,1,3,0,0,0
25,1,33,4.8,0,0,3,18,0,4,2,7,0,0,3,3,2
26,1,77,4.2,0,0,3,5,0,4,0,15,2,0,1,4,4
50,1,56,4.9,0,0,37,8,0,17,0,15,2,1,0,0,3
70,1,37,4.9,0,0,20,20,0,34,0,15,2,0,0,1,2
68,1,54,4.5,0,0,26,5,0,38,0,4,0,4,4,0,0
39,1,67,2.7,0,0,47,17,0,26,0,6,2,0,4,0,4
46,1,90,3.1,0,0,7,16,1,4,0,22,0,1,4,1,1
57,1,72,3.3,0,0,40,10,0,19,0,17,1,0,0,1,0
47,1,59,2.6,0,0,45,2,1,26,0,0,1,0,1,2,4
40,1,45,4.4,0,0,20,7,0,13,0,18,0,2,3,3,2
52,1,30,3.9,0,0,11,17,0,20,0,15,0,0,3,1,5
40,1,51,4.6,0,0,50,12,0,46,1,4,1,3,0,2,3
67,1,90,4.9,0,0,25,22,0,12,0,22,0,4,0,2,4
67,1,95,3.7,0,0,5,9,2,12,2,16,2,4,0,1,2
37,1,81,3.7,0,0,4,4,0,8,0,23,0,4,3,4,0
67,1,70,4.2,0,0,25,15,0,21,1,1,0,1,3,1,5
64,1,32,3.5,0,0,11,4,0,16,1,4,2,3,2,0,2
28,1,94,2.9,0,0,4,0,0,18,0,8,0,2,2,1,0
54,1,29,3.4,0,0,1,7,0,36,2,8,0,3,2,4,3
54,1,31,3.3,0,0,48,0,0,16,0,18,1,2,0,3,1
24,1,20,4.5,0,0,9,18,0,18,2,17,0,2,3,4,1
27,1,44,4.6,0,0,2,5,0,40,0,14,2,1,0,3,2
53,1,77,2.9,0,0,4,9,2,11,0,20,0,1,0,0,4
32,1,51,3.2,0,0,43,6,0,48,0,15,0,2,2,3,2
24,1,49,2.6,0,0,32,13,1,7,0,19,1,2,1,0,0
45,1,78,3.8,0,0,1,21,0,19,0,10,0,0,4,0,4
49,1,98,2.8,0,0,38,10,0,40,0,1,0,3,4,2,2
51,1,94,4.4,0,0,25,13,1,13,0,7,2,4,4,3,2
69,1,91,4.7,0,0,42,16,1,20,0,21,1,0,0,3,4
41,1,77,2.7,0,0,32,21,0,14,0,20,1,3,0,3,3
59,1,97,2.6,0,0,21,14,0,8,0,15,1,1,2,2,4
26,1,58,3.4,0,0,26,18,0,46,0,0,1,0,0,3,2
23,1,97,3.9,0,0,6,5,0,40,0,5,0,0,0,1,2
62,1,48,3.4,0,0,14,3,2,2,0,7,1,2,0,4,4
69,1,23,3.4,0,0,4,0,0,43,2,22,1,2,0,0,4
46,1,79,3.9,0,0,26,12,0,44,0,5,2,1,1,0,5
35,1,42,4.0,0,0,39,11,0,18,1,3,0,0,0,3,0
32,1,95,3.4,0,0,15,0,0,5,0,22,0,2,0,3,0
46,1,29,3.7,0,0,1,19,1,23,0,2,1,4,2,4,1
33,1,98,4.9,0,0,28,8,0,28,0,5,2,3,0,4,3
32,1,96,5.0,0,0,17,1,0,2,1,16,0,0,0,0,5
33,1,66,2.9,0,0,24,21,0,26,0,2,0,0,2,1,5
67,1,80,3.0,0,0,29,2,1,23,1,19,0,1,3,2,4
67,1,27,3.3,0,0,18,19,1,39,0,8,1,0,2,0,1
42,1,25,4.7,0,0,10,0,0,5,0,16,0,3,0,2,0
20,1,45,3.4,0,0,19,12,0,43,0,13,0,2,0,0,4
39,1,89,4.6,0,0,26,20,0,40,0,8,2,1,0,2,3
26,1,27,3.6,0,0,25,0,0,3,0,9,2,4,0,0,0
51,1,90,2.6,0,0,2,21,0,48,1,16,2,2,1,2,2
31,1,65,2.7,0,0,19,15,0,30,0,17,1,0,0,3,1
68,1,72,3.1,0,0,32,19,1,17,1,1,0,4,0,0,4
44,1,70,3.2,0,0,13,16,1,8,0,1,0,0,0,0,0
18,1,82,3.4,0,0,30,13,1,40,0,4,2,3,4,3,2
58,1,97,4.4,0,0,2,14,0,29,1,15,0,2,0,1,0
26,1,25,3.2,0,0,8,15,0,44,0,18,1,0,0,3,4
57,1,48,2.5,0,0,27,18,0,7,0,6,0,3,1,3,1
37,1,99,3.8,0,0,26,2,1,0,0,8,1,4,2,4,0
24,1,21,4.4,0,0,3,22,0,41,0,11,1,4,0,2,0
57,1,94,3.7,0,0,4,13,1,46,0,0,0,2,0,0,3
48,1,53,3.2,0,0,5,10,0,26,0,7,0,0,4,0,2
39,1,70,4.9,0,0,25,0,0,44,0,14,2,3,3,2,4
51,1,26,3.9,0,0,47,18,0,47,0,0,1,4,3,3,0
57,1,82,4.5,0,0,8,0,0,44,1,15,1,2,2,1,2
53,1,47,3.4,0,0,20,16,1,17,1,21,2,1,3,2,2
70,1,32,4.1,0,0,42,20,0,19,1,7,2,4,2,0,1
60,1,97,4.5,0,0,20,0,0,2,1,5,0,2,4,0,5
31,1,68,4.7,0,0,23,15,0,10,1,17,2,3,4,0,2
41,1,23,4.8,0,0,26,22,0,36,0,0,2,1,2,0,4
62,1,33,4.4,0,0,48,6,0,17,0,7,2,2,3,4,4
59,1,38,4.0,0,0,16,11,0,0,1,0,2,0,4,0,0
46,1,68,4.1,0,0,28,20,0,10,1,19,2,0,4,0,0
62,1,23,3.7,0,0,39,20,0,2,0,18,0,0,0,3,5
42,1,29,3.0,0,0,43,15,0,6,0,20,1,0,0,2,2
37,1,35,3.6,0,0,45,14,0,17,0,13,2,0,0,0,1
50,1,73,4.8,0,0,50,16,1,25,1,5,0,4,3,1,1
29,1,84,3.7,0,0,10,16,1,33,2,16,0,0,0,4,0
25,1,23,4.6,0,0,40,14,0,24,0,15,0,0,2,3,4
66,1,67,2.8,0,0,38,21,0,29,1,7,1,4,3,1,3
21,1,51,4.0,0,0,2,20,0,31,0,3,0,1,3,1,3
46,1,36,4.2,0,0,13,1,0,38,0,11,2,1,2,0,0
57,1,55,3.6,0,0,33,10,0,11,0,12,1,0,0,4,0
61,1,30,2.9,0,0,27,17,0,0,0,14,0,1,4,3,3
53,1,70,4.1,0,0,43,23,0,34,1,23,1,4,0,0,5
37,1,63,3.1,0,0,46,1,0,21,1,9,2,3,2,0,5
39,1,87,4.3,0,0,7,0,0,11,1,7,1,0,0,4,0
53,1,70,4.4,0,0,35,1,0,2,0,13,0,2,2,1,2
35,1,51,3.1,0,0,31,23,0,21,0,12,0,0,2,2,0
69,1,25,2.9,0,0,42,11,0,38,2,6,0,2,1,4,4
66,1,32,3.2,0,0,14,9,2,30,1,9,2,0,2,3,0
19,1,52,4.0,0,0,35,16,1,0,0,17,0,1,0,4,3
47,1,33,2.7,0,0,49,5,0,30,0,3,1,3,3,3,5
49,1,68,3.0,0,0,17,10,0,23,0,13,0,0,1,3,2
31,1,20,4.4,0,0,26,11,0,8,0,17,0,3,0,3,4
39,1,32,2.8,0,0,30,12,0,34,0,11,2,0,1,0,1
58,1,82,3.1,0,0,32,11,0,5,0,18,1,0,4,0,0
45,1,64,3.9,0,0,35,19,1,20,2,15,2,1,0,0,4
68,1,24,2.7,0,0,15,2,1,37,0,1,0,2,3,4,0
35,1,96,3.4,0,0,10,7,0,22,0,19,1,1,4,2,0
65,1,94,3.8,0,0,14,23,0,19,0,0,0,0,1,1,3
45,1,48,3.7,0,0,30,0,0,27,0,6,2,3,0,0,0
19,1,60,4.5,0,0,16,21,0,48,1,16,0,0,0,1,2
65,1,56,2.9,0,0,14,22,0,28,2,5,0,3,0,3,0
28,1,33,3.4,0,0,28,6,0,41,0,18,0,2,0,0,5
55,1,46,4.4,0,0,29,0,0,21,0,1,0,0,0,3,3
66,1,37,4.2,0,0,5,20,0,39,0,23,0,1,3,3,1
29,1,98,3.3,0,0,17,15,0,45,0,2,2,2,4,0,4
56,1,50,3.7,0,0,50,17,0,3,2,0,0,0,0,3,5
21,1,63,3.2,0,0,23,0,0,47,0,1,0,2,2,0,4
32,1,70,2.6,0,0,22,22,0,20,1,10,1,3,4,2,0
54,1,63,2.8,0,0,15,3,2,38,0,18,0,3,3,0,4
61,1,86,2.9,0,0,32,17,0,12,0,4,0,4,3,0,3
31,1,99,4.0,0,0,5,16,1,2,0,7,1,0,0,0,3
27,1,40,2.9,0,0,6,19,1,35,0,1,0,3,1,0,0
64,1,92,4.7,0,0,44,19,1,11,0,12,0,1,4,2,2
60,1,21,3.1,0,0,23,12,0,18,2,0,0,0,0,0,2
70,1,81,3.9,0,0,44,11,0,43,2,0,1,1,4,4,3
36,1,82,3.4,0,0,3,23,0,41,0,8,0,0,1,2,4
56,1,88,3.1,0,0,14,11,0,25,2,17,0,0,0,0,3
69,1,100,4.8,0,0,37,9,2,38,1,23,0,2,4,3,4
39,1,66,3.9,0,0,22,0,0,19,0,0,2,1,2,0,5
38,1,25,3.5,0,0,2,0,0,41,1,7,2,2,2,3,1
36,1,53,3.1,0,0,44,14,0,7,0,22,1,1,1,2,2
46,1,28,4.7,0,0,49,22,0,38,1,20,0,0,0,2,3
59,1,23,4.6,0,0,22,5,0,7,1,8,0,0,1,2,0
64,1,34,3.3,0,0,26,14,0,25,0,13,0,0,1,0,0
49,1,42,3.2,0,0,40,4,0,9,0,1,0,4,2,2,5
32,1,24,3.1,0,0,16,10,0,24,0,21,1,2,2,3,4
29,1,47,3.5,0,0,17,21,0,39,1,6,0,1,1,2,0
24,1,78,4.3,0,0,48,3,2,0,1,4,0,1,3,0,0
41,1,89,2.9,0,0,28,10,0,2,0,23,1,0,1,4,1
41,1,59,2.7,0,0,26,14,0,22,0,13,0,1,4,1,2
32,1,94,4.0,0,0,43,1,0,43,1,2,1,0,3,0,4
69,1,49,4.6,0,0,38,10,0,30,0,19,0,0,1,2,5
65,1,89,4.7,0,0,36,4,0,32,0,0,1,1,0,0,1
54,1,91,4.7,0,0,1,7,0,47,0,1,1,1,3,1,5
39,1,89,4.0,0,0,49,13,1,3,0,13,0,0,3,2,0
37,1,57,3.6,0,0,41,9,2,18,0,5,0,0,1,1,1
51,1,71,3.4,0,0,21,20,0,19,1,19,2,2,1,2,3
26,1,97,3.0,0,0,24,10,0,45,2,0,0,3,2,0,4
42,1,45,2.6,0,0,27,13,1,21,0,18,0,0,2,0,5
21,1,91,4.2,0,0,4,4,0,45,0,11,0,4,4,2,0
53,1,25,3.4,0,0,19,20,0,38,0,8,0,0,3,4,0
36,1,63,4.0,0,0,1,8,0,29,0,6,0,1,4,0,2
21,1,52,4.7,0,0,27,4,0,31,0,1,1,2,1,2,0
33,1,43,3.9,0,0,5,19,1,13,1,4,2,1,2,1,5
49,1,28,3.3,0,0,20,23,0,16,0,22,1,1,0,4,4
31,1,78,2.9,0,0,50,23,0,34,0,7,1,2,0,3,0
68,1,31,4.4,0,0,36,22,0,20,0,18,0,3,1,0,2
49,1,23,3.6,0,0,12,15,0,35,0,1,2,0,2,0,0
23,1,25,4.5,0,0,23,7,0,10,0,2,0,3,4,0,3
30,1,86,3.7,0,0,21,12,0,12,1,17,1,3,4,4,5
53,1,88,2.8,0,0,47,16,1,29,0,5,0,0,1,4,5
65,1,35,4.5,0,0,38,5,0,38,0,18,0,1,1,4,0
60,1,34,4.4,0,0,40,11,0,43,0,6,0,0,3,1,1
46,1,75,3.3,0,0,35,12,0,6,0,0,2,3,3,3,4
54,1,46,4.2,0,0,4,8,0,32,2,0,2,2,0,1,4
59,1,31,2.7,0,0,28,11,0,3,0,14,0,0,1,4,1
52,1,93,3.9,0,0,36,20,0,24,0,4,0,0,4,2,1
41,1,85,2.6,0,0,15,21,0,23,2,15,0,1,1,0,0
43,1,68,4.5,0,0,7,0,0,40,0,9,0,1,0,0,2
63,1,40,2.7,0,0,29,4,0,44,0,2,0,1,4,3,1
37,1,51,2.9,0,0,12,15,0,43,0,10,2,1,3,2,0
44,1,85,3.4,0,0,16,14,0,37,0,21,2,1,4,0,0
67,1,23,2.9,0,0,50,9,2,14,0,19,1,3,0,2,0
27,1,28,3.8,0,0,11,4,0,4,0,2,1,0,1,2,0
60,1,44,4.2,0,0,28,20,0,8,0,12,0,0,0,2,4
58,1,57,3.5,0,0,36,11,0,25,0,8,0,2,4,4,0
53,1,98,3.1,0,0,38,14,0,23,1,17,0,4,2,3,4
43,1,68,3.5,0,0,32,0,0,0,0,12,2,1,0,0,3
32,1,36,4.0,0,0,42,9,2,44,0,19,0,3,0,2,5
54,1,71,3.7,0,0,22,3,2,25,0,4,0,0,0,2,0
47,1,60,4.2,0,0,22,18,0,37,0,19,0,4,2,4,4
57,1,87,4.8,0,0,31,3,2,27,0,0,0,1,4,3,4
63,1,38,4.1,0,0,28,16,1,0,2,10,2,3,0,1,3
70,1,45,4.5,0,0,40,2,1,31,0,8,0,1,0,2,5
62,1,47,2.7,0,0,21,3,2,29,0,4,0,3,0,3,5
40,1,57,2.8,0,0,12,18,0,21,0,13,0,1,4,3,1
25,1,68,3.7,0,0,33,0,0,1,0,21,1,2,1,1,0
19,1,52,3.6,0,0,9,17,0,24,0,17,0,1,0,0,2
25,1,87,4.7,0,0,15,18,0,43,0,10,0,3,0,2,5
21,1,34,3.8,0,0,13,7,0,17,0,12,1,3,3,0,0
55,1,41,2.9,0,0,35,13,1,44,2,11,2,4,3,1,2
34,1,94,4.6,0,0,1,21,0,3,1,23,2,1,2,2,1
47,1,93,2.8,0,0,25,21,0,30,0,17,1,0,3,0,2
27,1,51,4.6,0,0,20,20,0,12,2,16,2,0,0,1,1
67,1,42,2.8,0,0,36,22,0,22,0,19,0,4,2,4,4
40,1,95,3.0,0,0,33,2,1,30,0,17,2,1,1,0,5
53,1,90,3.7,0,0,36,6,0,29,0,2,0,0,3,0,2
24,1,98,4.1,0,0,32,4,0,15,0,14,2,1,0,3,0
47,1,39,4.3,0,0,21,7,0,32,0,11,2,4,2,4,4
53,1,66,3.8,0,0,48,13,1,2,0,17,0,2,2,4,0
47,1,23,3.7,0,0,25,16,1,18,0,13,2,0,1,3,4
38,1,73,4.8,0,0,32,18,0,5,1,22,2,2,3,3,0
48,1,23,4.6,0,0,45,21,0,42,2,22,1,2,3,3,1
47,1,43,4.8,0,0,4,18,0,23,1,3,0,3,3,0,2
19,1,45,4.6,0,0,19,23,0,25,2,20,2,3,0,3,0
38,1,21,4.0,0,0,1,13,1,9,0,13,2,0,3,0,5
57,1,40,2.6,0,0,12,15,0,11,0,13,0,3,0,0,5
70,1,58,2.6,0,0,18,10,0,43,0,2,0,4,0,4,3
38,1,48,4.5,0,0,43,17,0,28,0,10,1,0,2,0,0
35,1,94,4.2,0,0,31,15,0,15,0,21,0,1,1,3,0
46,1,74,3.4,0,0,33,14,0,48,0,21,0,2,4,0,1
32,1,51,3.7,0,0,46,6,0,9,0,23,0,2,4,3,3
38,1,83,3.6,0,0,41,18,0,23,0,11,2,3,2,2,0
41,1,68,4.0,0,0,41,6,0,22,0,20,2,2,2,4,2
19,1,84,4.6,0,0,9,5,0,19,2,12,0,1,3,0,2
18,1,58,3.0,0,0,34,15,0,16,0,14,0,3,1,0,0
45,1,92,3.3,0,0,21,1,0,46,0,3,2,0,0,3,0
23,1,69,3.8,0,0,5,4,0,45,1,14,1,1,0,2,2
60,1,48,2.7,0,0,32,17,0,35,1,0,1,1,1,3,5
52,1,60,4.5,0,0,44,16,1,30,0,6,0,0,0,0,3
42,1,20,4.8,0,0,46,13,1,13,1,12,2,4,2,3,0
29,1,55,4.2,0,0,42,12,0,10,0,20,1,0,0,1,1
31,1,88,3.5,0,0,50,9,2,28,1,16,0,4,0,1,0
30,1,48,4.9,0,0,33,18,0,33,0,7,2,4,3,4,2
23,1,74,4.1,0,0,32,6,0,5,0,0,0,0,2,0,4
31,1,42,2.9,0,0,32,3,2,7,0,2,0,3,2,0,0
40,1,32,4.0,0,0,37,22,0,38,0,20,0,3,2,4,1
39,1,98,4.6,0,0,9,17,0,23,0,23,1,1,4,0,2
28,1,89,2.8,0,0,6,18,0,37,1,9,0,0,4,3,2
23,1,97,5.0,0,0,36,5,0,6,1,4,1,0,0,4,4
42,1,49,2.9,0,0,1,0,0,4,1,12,0,0,4,0,0
68,1,50,3.3,0,0,48,4,0,25,0,18,0,0,1,1,2
24,1,91,3.4,0,0,44,0,0,43,1,17,2,4,0,2,4
24,1,93,3.0,0,0,9,5,0,24,2,7,2,0,0,3,0
21,1,98,4.7,0,0,32,11,0,7,0,5,1,2,3,4,0
49,1,82,2.9,0,0,14,20,0,6,0,9,0,1,2,3,3
41,1,37,4.1,0,0,43,3,2,5,0,23,1,2,4,0,4
22,1,63,3.2,0,0,32,6,0,9,0,0,0,4,1,0,0
42,1,99,2.7,0,0,26,1,0,29,0,11,2,0,4,4,0
30,1,37,4.7,0,0,2,17,0,14,0,11,0,3,4,0,3
38,1,34,3.2,0,0,16,16,1,26,1,5,0,3,1,3,1
40,1,32,2.5,0,0,50,17,0,31,0,21,2,4,0,2,1
55,1,23,4.3,0,0,6,13,1,29,2,19,2,0,2,3,1
37,1,78,4.4,0,0,20,1,0,10,0,21,0,4,1,3,0
41,1,54,4.7,0,0,9,3,2,3,0,2,2,3,2,1,5
38,1,94,4.0,0,0,47,1,0,47,2,2,0,3,0,1,0
42,1,75,4.6,0,0,33,0,0,0,1,11,0,2,0,1,0
26,1,69,3.8,0,0,46,1,0,36,1,11,1,4,2,0,0
41,1,35,3.2,0,0,9,14,0,44,0,23,2,0,2,1,3
27,1,78,5.0,0,0,8,15,0,3,0,20,0,0,0,3,3
61,1,29,3.5,0,0,48,20,0,15,0,18,1,2,3,0,4
58,1,62,3.7,0,0,2,10,0,30,0,2,0,1,2,0,3
25,1,58,4.8,0,0,31,4,0,43,0,6,0,4,2,3,5
33,1,88,3.7,0,0,40,2,1,36,0,8,1,3,0,4,3
57,1,80,3.5,0,0,35,14,0,30,0,20,1,0,1,4,3
39,1,47,4.9,0,0,40,14,0,31,0,11,1,0,4,2,3
60,1,51,4.7,0,0,27,5,0,48,0,3,1,3,2,2,1
39,1,25,4.9,0,0,10,12,0,33,0,14,0,0,0,4,0
42,1,36,4.3,0,0,23,4,0,0,0,17,1,3,2,1,5
53,1,79,3.1,0,0,32,4,0,37,0,8,2,4,1,0,4
20,1,41,3.4,0,0,6,10,0,35,1,9,2,4,0,2,3
46,1,68,2.7,0,0,27,22,0,32,2,17,0,3,0,3,5
46,1,51,2.6,0,0,25,13,1,11,0,7,0,3,4,0,2
69,1,38,2.9,0,0,11,6,0,29,0,6,0,2,2,1,0
28,1,46,2.7,0,0,23,14,0,4,2,21,1,2,0,3,3
42,1,20,4.5,0,0,44,13,1,42,2,0,1,1,0,0,4
30,1,25,3.1,0,0,35,21,0,44,0,13,1,4,4,3,2
50,1,89,3.2,0,0,45,22,0,17,0,16,2,3,1,2,1
59,1,77,3.3,0,0,22,12,0,25,0,2,2,3,2,0,4
54,1,94,2.9,0,0,18,7,0,9,0,11,0,1,0,2,4
50,1,100,4.1,0,0,20,0,0,10,0,5,0,0,3,2,5
25,1,96,2.7,0,0,28,13,1,46,0,8,2,2,0,1,2
41,1,36,4.0,0,0,15,12,0,43,2,18,2,1,4,4,0
35,1,27,2.6,0,0,42,11,0,12,2,17,0,0,4,0,2
67,1,67,3.5,0,0,20,21,0,10,0,10,2,0,4,2,4
33,1,91,2.8,0,0,16,1,0,21,1,16,0,3,4,0,2
19,1,62,4.5,0,0,47,0,0,48,2,0,0,0,4,0,0
25,1,88,3.0,0,0,34,17,0,14,2,22,0,2,1,1,0
32,1,66,4.4,0,0,30,12,0,8,0,19,1,3,4,1,5
30,1,65,4.7,0,0,5,13,1,14,0,6,0,1,2,3,4
18,1,25,4.3,0,0,38,5,0,25,0,3,2,1,3,0,4
38,1,64,4.8,0,0,18,0,0,45,1,12,0,1,1,1,0
22,1,72,4.8,0,0,28,15,0,23,0,1,0,1,4,0,0
40,1,74,4.4,0,0,42,14,0,45,1,6,1,4,2,1,2
54,1,50,3.7,0,0,5,5,0,14,0,7,0,2,1,1,5
70,1,97,3.9,0,0,50,12,0,21,0,18,0,0,0,4,3
52,1,36,3.8,0,0,33,19,1,4,1,19,0,2,0,4,2
34,1,49,4.1,0,0,1,9,2,42,0,0,0,0,4,1,5
65,1,64,4.0,0,0,14,16,1,31,0,9,0,0,4,0,2
38,1,31,4.5,0,0,48,1,0,7,2,6,1,1,0,1,3
35,1,66,4.0,0,0,26,2,1,27,1,23,2,0,0,0,5
40,1,82,4.5,0,0,44,20,0,11,0,6,0,1,0,1,0
23,1,88,2.7,0,0,18,23,0,16,0,23,2,4,3,2,2
45,1,34,3.8,0,0,31,13,1,0,1,0,1,0,2,4,1
40,1,84,3.8,0,0,18,19,1,7,0,0,2,1,3,2,5
42,1,96,3.8,0,0,41,11,0,0,0,8,1,0,0,1,1
57,1,71,4.3,0,0,18,13,1,3,0,7,2,1,2,2,1
18,1,77,3.5,0,0,3,9,2,18,0,16,1,0,1,0,0
18,1,66,3.8,0,0,5,18,0,26,0,13,0,3,2,1,0
56,1,21,3.7,0,0,13,15,0,19,0,19,2,0,0,2,0
35,1,37,4.8,0,0,22,17,0,38,0,5,1,1,0,3,0
49,1,90,4.9,0,0,45,20,0,6,0,6,0,4,1,3,2
49,1,96,4.3,0,0,39,9,2,9,0,4,0,0,4,3,1
34,1,37,4.4,0,0,18,11,0,7,0,19,1,3,2,4,0
63,1,66,3.4,0,0,19,23,0,37,0,21,2,0,1,3,2
42,1,45,4.3,0,0,29,5,0,48,2,8,0,0,2,2,5
41,1,89,4.6,0,0,19,16,1,4,0,15,1,4,4,1,5
26,1,94,3.8,0,0,22,16,1,44,0,5,0,3,1,2,3
48,1,96,3.9,0,0,21,16,1,25,1,11,1,4,0,0,0
62,1,31,2.6,0,0,22,8,0,34,0,2,0,1,4,3,3
24,1,79,4.2,0,0,44,0,0,32,0,5,2,4,4,3,1
48,1,39,4.6,0,0,42,3,2,20,0,19,0,4,4,0,4
31,1,22,5.0,0,0,33,1,0,3,0,20,0,2,3,1,4
41,1,32,4.2,0,0,6,18,0,40,0,12,0,3,3,0,0
24,1,71,4.3,0,0,44,23,0,33,0,4,2,0,4,1,1
60,1,96,3.3,0,0,24,10,0,7,2,0,0,4,1,0,0
38,1,82,4.9,0,0,16,14,0,23,0,1,0,4,0,3,4
58,1,76,4.4,0,0,12,0,0,38,0,5,0,0,3,0,2
53,1,22,3.1,0,0,50,0,0,1,0,7,2,4,0,3,3
44,1,40,3.5,0,0,42,14,0,12,2,7,2,3,4,0,4
51,1,92,3.9,0,0,50,7,0,32,0,20,1,0,0,3,3
36,1,94,3.9,0,0,10,3,2,24,2,23,0,0,4,3,4
20,1,44,4.3,0,0,32,4,0,23,0,23,0,0,4,2,5
32,1,49,3.8,0,0,37,5,0,15,1,1,0,4,0,4,5
66,1,26,2.7,0,0,15,22,0,8,0,3,0,1,0,0,3
49,1,38,4.4,0,0,27,18,0,15,0,23,0,1,4,1,0
27,1,72,3.5,0,0,7,1,0,8,0,16,0,2,0,4,5
29,1,99,3.4,0,0,49,4,0,0,0,7,1,0,1,3,4
29,1,38,4.0,0,0,44,9,2,17,0,3,0,4,3,3,3
55,1,96,4.8,0,0,13,3,2,29,0,18,2,1,0,3,0
57,1,27,4.5,0,0,38,4,0,30,0,20,0,0,2,3,2
29,1,24,4.4,0,0,10,17,0,34,0,6,2,3,3,2,5
31,1,82,4.1,0,0,25,10,0,48,0,17,1,0,0,2,5
25,1,56,4.6,0,0,18,7,0,0,0,0,1,0,2,1,4
61,1,25,3.8,0,0,6,5,0,18,0,11,0,0,4,0,1
53,1,67,2.9,0,0,35,19,1,46,0,8,0,0,1,0,4
22,1,21,2.8,0,0,31,16,1,15,0,17,1,0,3,1,2
28,1,27,3.0,0,0,41,8,0,14,2,11,1,0,4,0,0
18,1,97,4.2,0,0,8,19,1,10,1,17,0,2,0,1,0
44,1,45,4.1,0,0,34,6,0,33,1,0,2,0,1,1,2
32,1,63,4.1,0,0,20,1,0,13,2,0,0,0,0,4,0
34,1,100,4.6,0,0,38,0,0,20,0,15,1,0,0,3,1
67,1,38,2.5,0,0,35,20,0,39,0,1,0,3,4,4,4
66,1,45,3.0,0,0,6,1,0,25,0,7,1,3,4,2,0
28,1,91,3.8,0,0,50,11,0,3,0,13,0,1,2,3,5
70,1,82,4.1,0,0,47,17,0,26,0,13,0,3,1,4,5
37,1,48,3.3,0,0,23,2,1,14,0,10,2,4,3,3,4
28,1,30,5.0,0,0,13,3,2,33,0,8,0,3,0,1,4
43,1,34,3.8,0,0,31,23,0,43,1,0,0,2,2,2,3
37,1,68,3.3,0,0,16,22,0,8,0,7,0,3,0,2,1
54,1,95,5.0,0,0,40,21,0,18,0,17,2,4,0,2,0
50,1,22,2.9,0,0,45,7,0,5,0,0,0,1,0,3,4
46,1,88,2.5,0,0,50,5,0,45,0,7,0,3,2,4,1
60,1,83,4.7,0,0,1,20,0,3,0,13,1,3,3,0,4
40,1,87,2.9,0,0,10,6,0,24,0,4,0,3,0,0,1
64,1,57,3.7,0,0,48,3,2,10,0,21,1,2,4,1,1
18,1,88,4.4,0,0,38,3,2,36,2,9,1,4,0,1,3
37,1,20,2.9,0,0,21,12,0,17,0,20,2,2,2,2,0
36,1,39,3.6,0,0,38,0,0,24,0,15,1,0,4,4,3
51,1,71,4.8,0,0,31,21,0,28,1,0,0,0,0,1,2
26,1,73,4.7,0,0,9,8,0,16,0,18,2,0,1,2,2
68,1,63,2.6,0,0,47,6,0,17,0,5,1,0,1,0,5
27,1,78,3.4,0,0,8,5,0,7,0,18,2,0,3,0,0
28,1,96,3.5,0,0,30,18,0,23,0,7,0,0,2,2,0
49,1,81,3.4,0,0,22,21,0,32,0,19,2,0,0,0,4
70,1,95,5.0,0,0,3,4,0,5,1,5,0,0,0,0,4
30,1,68,4.6,0,0,15,5,0,44,0,4,0,1,3,3,3
27,1,28,4.8,0,0,10,19,1,24,0,5,0,3,0,0,1
19,1,30,3.7,0,0,19,23,0,43,0,21,1,3,1,0,1
64,1,31,4.7,0,0,36,4,0,8,0,0,1,4,2,0,2
42,1,95,4.4,0,0,12,6,0,44,2,2,2,4,0,0,1
69,1,79,3.5,0,0,49,20,0,43,0,8,2,0,0,2,4
28,1,39,3.8,0,0,7,19,1,24,0,23,2,1,3,2,0
47,1,34,4.7,0,0,28,9,2,28,0,16,1,2,2,0,3
69,1,28,3.1,0,0,30,8,0,48,0,22,0,3,4,1,0
56,1,38,5.0,0,0,29,13,1,17,2,20,2,2,1,3,3
28,1,55,3.7,0,0,9,16,1,29,0,12,0,1,1,2,1
50,1,31,3.0,0,0,27,13,1,4,0,0,2,3,2,2,2
39,1,84,4.5,0,0,21,3,2,5,1,9,0,0,4,4,2
35,1,93,4.7,0,0,36,5,0,18,0,22,2,0,0,1,3
59,1,28,3.5,0,0,19,3,2,35,0,2,2,2,1,2,0
44,1,55,4.4,0,0,47,2,1,30,0,3,1,2,0,0,5
66,1,63,2.6,0,0,38,18,0,34,0,11,2,0,3,0,0
20,1,94,4.2,0,0,22,18,0,0,0,17,2,1,0,4,0
45,1,36,2.6,0,0,29,12,0,32,0,11,0,1,0,4,0
49,1,97,4.8,0,0,42,7,0,25,1,19,0,4,1,0,0
60,1,63,2.9,0,0,47,0,0,1,0,13,1,4,4,3,1
61,1,77,4.3,0,0,10,14,0,11,1,12,0,1,0,1,0
36,1,53,2.6,0,0,10,14,0,38,2,12,0,1,4,4,3
33,1,77,3.8,0,0,1,15,0,14,0,0,0,0,2,3,1
49,1,79,4.2,0,0,7,2,1,14,0,7,1,1,3,1,3
31,1,37,3.9,0,0,10,3,2,10,0,0,1,4,4,4,2
19,1,94,3.1,0,0,11,0,0,3,0,7,2,0,1,1,5
39,1,76,3.6,0,0,5,2,1,32,1,21,0,3,4,0,0
66,1,68,4.0,0,0,21,19,1,8,1,18,0,3,0,3,4
25,1,65,3.4,0,0,24,15,0,11,0,11,0,0,2,0,4
63,1,24,2.6,0,0,37,1,0,6,0,4,1,4,3,1,2
56,1,31,4.5,0,0,22,9,2,5,0,19,1,0,0,4,1
20,1,89,4.9,0,0,16,18,0,40,0,12,0,1,3,2,2
58,1,49,4.4,0,0,44,20,0,18,0,17,1,4,0,3,3
34,1,92,3.5,0,0,14,13,1,37,2,9,0,1,0,4,0
28,1,32,3.3,0,0,23,23,0,30,1,13,2,0,0,0,1
22,1,67,3.1,0,0,46,9,2,29,0,2,2,0,3,2,2
37,1,64,4.2,0,0,46,0,0,3,1,6,0,1,0,0,1
54,1,84,4.9,0,0,16,16,1,17,0,13,0,3,2,3,1
65,1,34,3.9,0,0,40,1,0,30,0,13,0,4,3,1,1
57,1,26,4.2,0,0,21,16,1,9,0,20,2,0,1,0,0
38,1,50,4.9,0,0,25,22,0,27,1,4,0,1,4,3,0
70,1,46,2.8,0,0,25,2,1,25,0,23,0,1,4,0,4
56,1,71,4.1,0,0,25,6,0,24,0,22,0,1,3,2,1
56,1,78,4.8,0,0,27,1,0,47,0,1,1,0,2,4,3
22,1,35,4.1,0,0,12,18,0,40,1,16,2,3,2,0,3
57,1,58,3.0,0,0,27,0,0,24,0,6,1,0,1,2,4
53,1,67,4.2,0,0,40,15,0,20,0,4,0,0,0,1,0
53,1,93,3.8,0,0,38,22,0,41,0,15,0,0,3,1,4
19,1,81,3.3,0,0,44,14,0,36,1,5,0,4,0,0,1
49,1,80,4.7,0,0,27,6,0,30,0,18,0,2,0,4,1
44,1,64,4.3,0,0,30,14,0,0,0,6,0,0,0,1,1
27,1,41,2.7,0,0,24,10,0,44,0,2,0,4,3,1,3
60,1,79,4.2,0,0,38,20,0,36,2,15,2,3,0,0,0
62,1,60,4.2,0,0,4,21,0,22,0,11,2,1,1,3,4
52,1,91,2.5,0,0,32,19,1,48,1,14,2,0,2,4,3
30,1,66,3.6,0,0,32,16,1,29,0,2,2,3,0,1,2
66,1,85,3.4,0,0,28,20,0,32,0,7,2,0,3,0,0
29,1,38,3.3,0,0,6,21,0,28,0,9,1,1,3,2,1
24,1,23,4.6,0,0,24,22,0,43,0,4,2,2,3,3,3
51,1,71,3.9,0,0,38,16,1,0,0,0,0,2,4,4,5
67,1,25,3.7,0,0,28,20,0,12,0,3,2,3,2,2,0
50,1,39,3.1,0,0,9,2,1,0,2,18,0,2,0,3,2
37,1,20,4.9,0,0,21,8,0,20,0,6,0,0,0,2,1
69,1,73,4.7,0,0,31,5,0,45,0,14,2,0,3,2,3
60,1,63,2.9,0,0,18,0,0,44,0,14,0,3,2,1,4
21,1,94,4.1,0,0,5,5,0,40,2,4,0,4,0,0,5
44,1,94,4.0,0,0,22,1,0,39,0,10,0,4,2,0,0
26,1,71,2.7,0,0,37,14,0,27,0,19,1,2,4,3,0
40,1,77,4.0,0,0,22,7,0,39,0,14,0,1,0,2,3
41,1,66,2.5,0,0,36,14,0,36,0,0,0,1,2,3,2
62,1,23,4.5,0,0,23,13,1,47,0,19,1,0,1,3,0
39,1,60,3.9,0,0,44,22,0,3,0,20,0,2,0,2,5
53,1,72,4.9,0,0,25,0,0,37,0,5,0,0,0,0,0
24,1,35,3.3,0,0,40,1,0,0,0,7,2,2,0,3,4
41,1,31,3.8,0,0,12,14,0,34,0,2,0,4,0,3,5
19,1,33,2.9,0,0,14,20,0,11,0,1,1,1,3,4,3
36,1,95,4.0,0,0,14,7,0,40,0,5,1,1,0,2,3
21,1,68,4.1,0,0,10,4,0,0,0,14,0,1,4,2,0
25,1,87,3.1,0,0,17,3,2,14,0,21,0,0,4,0,1
65,1,64,4.6,0,0,24,15,0,1,2,23,2,2,0,2,2
42,1,74,4.6,0,0,31,15,0,20,0,0,2,3,2,0,4
40,1,62,2.6,0,0,36,10,0,23,0,18,0,0,0,0,0
58,1,97,5.0,0,0,38,20,0,16,0,2,2,2,0,3,1
40,1,47,2.9,0,0,23,13,1,5,0,14,0,0,0,2,2
62,1,83,3.5,0,0,47,1,0,5,0,4,2,2,0,3,0
38,1,82,3.7,0,0,20,15,0,35,0,12,0,1,0,4,5
37,1,26,2.9,0,0,41,21,0,46,0,0,0,0,4,4,3
65,1,81,4.3,0,0,44,9,2,7,0,13,2,3,1,0,2
55,1,44,3.2,0,0,31,4,0,27,0,0,0,2,4,0,3
43,1,88,4.2,0,0,11,21,0,35,0,14,2,3,2,1,0
43,1,76,4.2,0,0,25,2,1,35,0,15,2,0,3,3,0
45,1,89,3.8,0,0,31,14,0,42,0,2,2,3,1,0,5
64,1,22,4.4,0,0,40,17,0,23,0,10,0,0,3,2,5
28,1,33,3.1,0,0,23,17,0,46,0,4,2,4,0,1,0
69,1,97,5.0,0,0,5,10,0,3,2,18,0,4,3,2,4
54,1,57,4.7,0,0,26,14,0,3,0,8,2,4,3,3,5
52,1,38,3.0,0,0,11,17,0,11,0,0,1,1,0,1,0
23,1,55,4.2,0,0,44,19,1,9,2,0,0,3,2,2,1
26,1,37,3.0,0,0,47,11,0,45,0,23,0,1,4,0,1
48,1,43,3.7,0,0,46,16,1,47,0,11,1,4,1,3,3
49,1,96,2.7,0,0,35,8,0,44,0,4,1,2,1,0,1
53,1,51,4.3,0,0,8,9,2,35,0,15,2,2,0,0,0
69,1,95,2.7,0,0,30,17,0,36,2,21,0,0,0,0,5
26,1,26,3.7,0,0,14,20,0,44,0,9,1,3,2,1,0
21,1,34,4.3,0,0,30,3,2,9,2,9,0,0,3,0,5
59,1,83,4.0,0,0,26,13,1,25,1,0,1,0,2,1,1
21,1,24,3.3,0,0,32,0,0,0,0,12,0,0,3,4,2
22,1,69,4.0,0,0,47,12,0,20,1,8,0,0,2,0,1
26,1,40,2.7,0,0,11,22,0,31,0,1,0,4,2,1,1
41,1,87,4.2,0,0,28,9,2,31,1,7,2,3,1,3,0
37,1,46,4.6,0,0,2,19,1,21,0,15,0,3,3,2,1
30,1,82,4.8,0,0,45,11,0,8,0,14,2,1,4,1,5
49,1,81,2.8,0,0,7,0,0,46,0,16,1,3,1,1,1
49,1,57,4.5,0,0,28,11,0,6,0,14,2,2,2,0,0
58,1,49,3.0,0,0,34,16,1,32,1,12,1,4,0,0,4
70,1,42,4.6,0,0,26,9,2,7,0,12,0,4,1,2,1
27,1,26,3.3,0,0,45,9,2,35,0,16,0,2,3,0,4
65,1,38,4.4,0,0,34,23,0,10,0,21,0,3,2,2,0
57,1,57,4.4,0,0,47,19,1,44,2,11,1,3,3,1,2
20,1,100,4.3,0,0,42,9,2,32,2,22,1,0,0,0,4
34,1,73,3.4,0,0,27,8,0,0,1,12,0,0,0,0,1
59,1,66,2.8,0,0,43,9,2,9,0,14,2,3,4,4,3
54,1,73,3.4,0,0,16,23,0,35,0,1,0,0,3,0,0
36,1,45,5.0,0,0,40,5,0,42,0,2,0,0,4,1,3
21,1,27,4.5,0,0,29,19,1,9,1,0,0,0,1,0,0
52,1,24,2.7,0,0,38,23,0,5,0,23,0,1,4,1,4
43,1,59,3.4,0,0,34,19,1,48,2,10,2,1,4,1,5
32,1,20,3.4,0,0,30,10,0,6,1,4,2,0,0,4,5
55,1,44,2.8,0,0,45,6,0,2,0,11,1,0,3,0,0
31,1,90,4.7,0,0,47,20,0,12,0,17,0,0,3,0,0
45,1,36,4.7,0,0,5,11,0,3,0,0,0,1,1,1,3
53,1,95,4.7,0,0,50,1,0,48,0,21,2,3,1,2,0
24,1,30,3.4,0,0,24,0,0,39,0,7,0,4,0,0,0
47,1,65,3.7,0,0,15,14,0,46,1,5,0,0,0,2,0
63,1,96,4.1,0,0,50,14,0,40,0,2,1,3,4,0,5
38,1,65,2.9,0,0,7,15,0,0,0,14,0,0,0,1,3
59,1,47,3.2,0,0,10,12,0,39,0,14,0,4,4,4,2
54,1,25,3.0,0,0,38,7,0,40,1,21,0,0,1,3,0
26,1,56,4.1,0,0,31,3,2,0,1,21,0,2,0,4,2
68,1,76,4.5,0,0,7,23,0,31,0,10,0,4,3,4,4
41,1,60,3.4,0,0,27,20,0,34,0,16,0,2,4,4,3
68,1,67,4.1,0,0,45,15,0,30,0,16,2,4,0,0,1
21,1,95,4.6,0,0,13,22,0,13,2,4,0,3,4,0,0
32,1,72,4.6,0,0,33,5,0,0,0,10,2,0,0,4,0
20,1,98,3.4,0,0,25,0,0,0,0,9,0,3,0,0,1
59,1,83,3.3,0,0,5,10,0,25,0,7,2,1,0,3,3
53,1,37,3.6,0,0,23,6,0,6,0,11,0,3,0,0,4
66,1,85,4.6,0,0,17,23,0,41,0,20,0,0,1,0,5
47,1,36,4.3,0,0,14,20,0,23,0,21,0,3,0,0,5
58,1,36,4.0,0,0,28,10,0,17,1,9,2,4,4,1,0
28,1,86,4.8,0,0,19,14,0,36,0,17,1,3,2,1,5
68,1,99,4.3,0,0,31,12,0,23,2,13,0,4,3,0,0
60,1,21,3.3,0,0,25,1,0,22,2,8,1,0,3,0,0
47,1,84,2.8,0,0,4,9,2,9,0,19,2,2,0,0,0
18,1,63,4.4,0,0,20,13,1,41,0,2,0,0,1,0,5
32,1,84,3.7,0,0,37,17,0,39,1,15,1,0,0,0,0
27,1,72,3.6,0,0,28,17,0,28,0,9,0,2,0,1,0
65,1,21,3.7,0,0,6,18,0,5,0,4,2,1,0,4,5
68,1,92,5.0,0,0,27,13,1,18,0,23,0,0,3,3,0
55,1,72,2.7,0,0,29,1,0,1,2,15,0,0,2,1,2
30,1,83,4.3,0,0,1,13,1,34,0,6,0,0,4,0,0
24,1,73,4.1,0,0,31,15,0,42,0,14,1,0,3,1,0
57,1,98,2.6,0,0,28,20,0,2,0,17,2,0,2,0,4
23,1,76,3.2,0,0,19,23,0,31,0,12,0,0,4,0,4
69,1,43,3.5,0,0,36,4,0,3,1,9,1,0,2,4,3
60,1,60,3.7,0,0,28,7,0,4,0,20,1,2,2,0,3
25,1,40,3.8,0,0,29,5,0,3,0,20,0,2,0,3,5
18,1,93,4.8,0,0,9,20,0,43,1,11,2,0,0,0,1
37,1,98,4.2,0,0,26,4,0,14,1,12,0,4,3,1,1
61,1,91,2.9,0,0,7,20,0,33,2,11,1,2,2,1,2
41,1,92,2.9,0,0,35,0,0,28,2,4,0,4,1,2,5
69,1,87,4.8,0,0,46,6,0,1,1,14,2,3,2,1,1
32,1,96,2.9,0,0,8,18,0,1,1,19,0,3,3,2,3
60,1,97,4.8,0,0,50,8,0,27,0,7,1,0,0,0,1
43,1,55,4.6,0,0,37,1,0,16,0,0,0,1,0,0,0
61,1,58,4.4,0,0,6,10,0,41,0,10,0,1,4,1,2
57,1,21,3.0,0,0,16,2,1,24,0,21,0,3,2,3,0
56,1,82,4.4,0,0,30,6,0,27,2,3,1,1,0,3,3
66,1,34,3.9,0,0,50,3,2,39,0,7,2,1,0,4,4
52,1,78,4.0,0,0,5,1,0,24,0,6,0,3,1,0,1
63,1,47,2.5,0,0,15,6,0,31,0,10,0,2,0,0,3
50,1,96,4.1,0,0,34,21,0,39,1,18,1,4,2,0,0
21,1,23,4.8,0,0,6,20,0,17,1,0,0,0,0,4,1
42,1,27,2.6,0,0,26,16,1,34,1,14,2,3,4,2,0
40,1,37,3.1,0,0,34,0,0,25,2,13,0,0,1,1,1
67,1,79,3.2,0,0,37,14,0,11,1,23,1,0,4,1,5
35,1,40,4.2,0,0,28,0,0,4,0,21,1,0,3,0,0
18,1,39,2.6,0,0,38,3,2,19,1,7,0,0,2,0,2
52,1,73,3.1,0,0,2,8,0,16,0,15,1,2,2,0,4
59,1,84,2.9,0,0,32,5,0,19,0,21,0,1,4,0,0
49,1,94,4.6,0,0,30,17,0,46,0,21,0,0,1,4,0
46,1,47,4.1,0,0,17,18,0,10,0,15,0,0,3,3,1
69,1,77,2.5,0,0,5,2,1,33,0,21,1,3,4,2,0
56,1,94,4.0,0,0,31,17,0,37,0,20,2,1,4,0,0
27,1,75,3.5,0,0,43,6,0,11,0,4,1,3,0,3,4
57,1,82,4.4,0,0,19,4,0,30,2,13,0,2,1,4,0
58,1,36,2.9,0,0,32,16,1,16,0,4,0,3,4,1,1
23,1,90,3.1,0,0,5,19,1,3,2,8,0,0,0,2,0
19,1,48,4.4,0,0,9,20,0,45,0,0,0,3,1,0,4
40,1,42,4.4,0,0,48,9,2,39,0,16,2,0,3,1,5
54,1,33,2.7,0,0,1,0,0,10,0,4,1,2,4,3,4
50,1,63,4.9,0,0,20,20,0,32,0,7,1,1,1,1,3
69,1,53,3.5,0,0,42,6,0,45,0,19,2,2,0,0,0
42,1,37,4.8,0,0,45,7,0,0,0,19,0,2,1,3,0
37,1,92,4.2,0,0,41,1,0,14,0,10,1,0,0,0,3
46,1,73,4.6,0,0,36,17,0,42,2,2,0,0,3,2,4
64,1,38,2.9,0,0,10,15,0,48,0,13,0,1,3,4,0
20,1,51,4.0,0,0,31,2,1,17,2,1,0,3,4,4,0
40,1,90,4.9,0,0,21,9,2,20,0,10,0,1,3,1,4
64,1,56,3.1,0,0,16,9,2,11,0,10,1,0,2,0,1
29,1,33,4.4,0,0,18,6,0,21,0,10,0,2,3,3,1
20,1,53,2.5,0,0,20,0,0,19,1,12,2,0,0,2,5
43,1,24,3.4,0,0,21,6,0,28,1,4,0,0,0,0,0
60,1,59,3.7,0,0,23,3,2,14,0,16,0,4,0,1,4
39,1,72,4.2,0,0,20,22,0,15,0,16,2,3,3,3,5
47,1,28,3.4,0,0,30,17,0,37,1,14,0,0,0,3,0
19,1,36,3.6,0,0,33,12,0,11,0,5,0,0,0,0,1
52,1,47,4.7,0,0,31,11,0,0,1,14,0,0,0,2,3
34,1,62,4.7,0,0,48,5,0,40,0,10,0,0,2,0,3
25,1,98,3.6,0,0,28,18,0,19,1,4,0,2,1,2,5
43,1,28,4.6,0,0,7,13,1,41,0,21,1,3,1,0,1
55,1,86,2.6,0,0,4,20,0,25,1,3,1,3,2,2,5
66,1,46,3.1,0,0,49,11,0,36,1,1,1,4,3,0,0
41,1,42,3.2,0,0,22,21,0,44,2,17,0,3,1,0,5
47,1,80,3.9,0,0,39,3,2,43,1,16,2,0,0,0,2
51,1,39,4.9,0,0,45,0,0,34,0,6,0,0,0,3,1
44,1,49,4.1,0,0,30,3,2,17,0,16,1,2,0,3,2
18,1,32,4.2,0,0,33,14,0,28,0,18,1,4,2,1,0
33,1,73,4.1,0,0,24,13,1,19,0,16,0,3,2,0,0
24,1,42,3.9,0,0,11,0,0,28,0,3,1,3,1,2,4
33,1,58,2.7,0,0,13,14,0,45,0,18,0,4,2,4,1
61,1,22,3.7,0,0,27,11,0,2,0,22,2,3,0,3,0
27,1,56,2.7,0,0,30,14,0,46,0,14,0,2,2,3,0
46,1,70,2.5,0,0,39,12,0,6,0,17,0,0,2,4,4
38,1,50,3.9,0,0,10,16,1,41,0,12,0,0,1,2,0
63,1,21,3.0,0,0,4,2,1,41,0,6,1,4,0,1,4
47,1,97,3.2,0,0,16,9,2,22,0,0,1,0,0,0,5
42,1,63,3.8,0,0,34,0,0,41,0,15,2,1,3,1,3
41,1,60,2.7,0,0,11,9,2,44,0,17,0,1,3,2,1
53,1,52,3.0,0,0,30,2,1,27,2,14,0,1,4,2,2
29,1,32,4.1,0,0,40,16,1,21,0,11,2,0,2,2,0
61,1,48,3.2,0,0,13,0,0,18,2,16,0,0,0,1,0
69,1,25,4.5,0,0,28,11,0,43,0,11,1,0,4,4,1
51,1,68,4.3,0,0,49,11,0,14,0,6,1,0,4,2,0
24,1,74,3.5,0,0,23,12,0,10,0,6,0,3,3,1,5
24,1,88,3.1,0,0,4,23,0,24,2,10,0,3,3,0,4
70,1,23,3.9,0,0,17,17,0,34,0,4,0,4,3,3,2
49,1,32,2.7,0,0,24,8,0,3,0,18,0,0,0,3,2
48,1,71,4.0,0,0,21,0,0,22,1,7,2,4,1,2,1
58,1,62,2.7,0,0,17,2,1,3,0,21,0,2,2,2,0
32,1,20,2.7,0,0,22,8,0,30,0,10,0,1,1,2,4
57,1,62,4.7,0,0,27,17,0,1,2,23,0,2,3,0,2
69,1,81,4.5,0,0,1,0,0,19,2,6,2,3,3,4,1
42,1,90,3.0,0,0,27,14,0,15,0,8,2,2,0,0,5
30,1,43,3.6,0,0,8,20,0,43,1,8,0,2,4,4,4
35,1,38,3.3,0,0,43,6,0,23,1,23,0,1,3,3,4
19,1,25,4.3,0,0,24,21,0,20,2,5,0,4,4,0,2
52,1,98,4.3,0,0,29,23,0,41,2,7,2,0,0,3,2
42,1,75,4.8,0,0,10,4,0,30,0,3,0,2,1,0,0
36,1,27,4.0,0,0,12,19,1,29,2,12,0,0,4,3,2
45,1,27,3.5,0,0,48,21,0,22,0,0,2,1,3,0,2
54,1,42,3.9,0,0,40,1,0,45,0,18,0,2,2,0,4
54,1,90,4.4,0,0,1,23,0,29,0,17,1,0,4,0,0
27,1,63,4.6,0,0,26,7,0,7,0,2,1,1,0,1,2
53,1,96,4.0,0,0,9,17,0,21,0,18,0,0,0,3,0
20,1,40,4.2,0,0,19,8,0,27,0,18,2,3,1,2,4
52,1,39,4.5,0,0,37,20,0,21,0,0,0,2,2,0,3
54,1,48,3.9,0,0,3,21,0,43,0,16,0,0,1,0,4
65,1,20,3.7,0,0,40,1,0,21,0,16,1,4,0,4,5
43,1,29,3.6,0,0,13,10,0,19,1,20,1,0,4,0,4
57,1,81,4.7,0,0,48,4,0,48,0,5,2,0,0,1,3
19,1,98,3.6,0,0,4,4,0,39,1,8,0,4,0,4,1
69,1,93,2.5,0,0,9,10,0,34,0,9,0,0,2,0,5
26,1,30,2.9,0,0,26,20,0,7,0,1,1,3,4,0,0
57,1,37,4.4,0,0,19,21,0,47,0,11,0,4,1,2,5
20,1,28,4.6,0,0,1,3,2,17,0,23,2,4,0,1,1
55,1,29,3.7,0,0,29,14,0,5,0,16,2,3,0,3,1
44,1,49,3.2,0,0,38,0,0,6,0,14,1,4,1,4,0
52,1,53,4.9,0,0,31,12,0,32,0,18,2,0,0,3,0
57,1,66,5.0,0,0,35,5,0,3,0,20,1,3,1,4,0
40,1,61,3.3,0,0,40,9,2,29,1,12,0,2,0,0,4
23,1,23,4.4,0,0,13,17,0,13,2,14,1,0,4,4,4
36,1,36,4.7,0,0,9,12,0,4,1,8,0,2,4,0,1
59,1,81,3.6,0,0,25,18,0,24,0,8,0,1,1,0,1
29,1,56,3.2,0,0,3,1,0,13,2,11,1,1,1,0,0
63,1,78,3.0,0,0,35,15,0,16,0,0,0,4,2,1,3
60,1,25,4.4,0,0,13,11,0,0,2,19,1,0,4,4,0
64,1,86,3.3,0,0,31,0,0,26,2,12,0,1,0,2,0
63,1,99,3.4,0,0,48,11,0,43,0,5,2,1,0,1,3
21,1,83,3.9,0,0,6,0,0,30,0,6,0,2,0,0,0
61,1,33,2.9,0,0,43,4,0,22,0,13,2,3,4,0,3
65,1,44,2.9,0,0,1,3,2,38,0,0,0,4,1,4,4
69,1,58,2.7,0,0,8,4,0,45,0,19,0,2,0,0,0
47,1,54,3.4,0,0,6,22,0,4,0,0,0,1,4,2,5
41,1,93,3.7,0,0,32,8,0,26,0,22,0,2,0,4,2
68,1,98,4.7,0,0,46,16,1,26,0,20,0,0,3,0,0
41,1,36,3.1,0,0,38,16,1,34,2,19,0,0,0,3,1
42,1,68,4.2,0,0,48,9,2,22,0,13,0,3,0,1,2
66,1,95,3.0,0,0,18,0,0,2,0,0,1,1,4,2,0
66,1,93,3.1,0,0,25,10,0,46,0,21,0,0,0,0,4
33,1,99,4.2,0,0,4,9,2,20,0,11,0,0,0,0,2
55,1,22,3.8,0,0,27,21,0,16,0,20,2,0,2,4,4
58,1,88,2.9,0,0,14,5,0,39,0,5,0,0,0,0,3
18,1,65,4.2,0,0,36,9,2,32,0,20,0,1,0,0,2
49,1,62,3.1,0,0,6,23,0,1,0,11,0,4,0,2,4
61,1,55,3.6,0,0,46,13,1,8,2,16,0,0,0,0,0
31,1,97,4.8,0,0,29,17,0,10,1,11,0,0,3,0,0
70,1,77,4.1,0,0,12,6,0,16,0,2,0,1,0,4,3
68,1,40,3.9,0,0,47,12,0,5,0,8,2,1,1,1,5
27,1,23,3.0,0,0,28,1,0,33,1,9,2,4,3,2,0
48,1,46,3.0,0,0,21,16,1,17,0,0,2,3,0,0,0
63,1,75,4.9,0,0,15,0,0,27,0,23,0,4,0,1,0
49,1,76,4.8,0,0,38,16,1,19,0,5,0,0,2,0,0
19,1,59,3.3,0,0,19,4,0,39,0,8,1,2,3,1,0
30,1,51,2.7,0,0,31,18,0,4,0,4,1,0,3,1,5
50,1,46,4.2,0,0,30,9,2,37,2,18,0,0,0,1,1
66,1,26,3.6,0,0,40,15,0,23,0,18,0,3,2,0,4
25,1,51,3.8,0,0,42,8,0,48,0,18,1,4,2,1,0
61,1,44,3.8,0,0,25,14,0,27,0,14,2,4,1,4,0
29,1,82,4.2,0,0,20,18,0,17,1,15,0,0,1,0,4
53,1,44,2.7,0,0,3,18,0,5,1,21,1,3,0,0,5
24,1,27,5.0,0,0,14,14,0,0,0,0,0,4,2,0,0
51,1,90,4.7,0,0,32,21,0,0,0,16,0,3,2,1,2
26,1,58,3.2,0,0,20,13,1,31,1,0,1,0,4,3,1
59,1,80,2.9,0,0,34,8,0,4,2,14,0,3,0,3,2
41,1,40,4.2,0,0,6,9,2,42,1,10,2,3,4,4,0
20,1,23,3.7,0,0,2,12,0,0,0,10,0,1,4,3,0
22,1,34,4.2,0,0,35,15,0,9,1,0,0,3,4,1,0
18,1,35,2.6,0,0,33,1,0,27,2,15,2,2,1,2,4
30,1,75,4.0,0,0,45,18,0,12,0,12,1,2,4,4,0
25,1,60,2.7,0,0,20,21,0,43,2,12,2,2,2,0,1
39,1,87,4.0,0,0,48,0,0,13,0,14,1,2,4,0,0
49,1,41,2.9,0,0,37,5,0,18,1,18,0,1,2,0,3
25,1,83,3.3,0,0,4,12,0,29,0,20,0,3,3,0,1
23,1,81,4.0,0,0,24,14,0,16,0,12,0,0,4,0,0
33,1,56,3.9,0,0,4,23,0,29,1,9,1,0,2,2,1
60,1,58,3.3,0,0,25,16,1,38,0,17,1,2,0,2,0
51,1,84,3.9,0,0,14,12,0,11,0,6,0,4,2,3,0
23,1,21,3.9,0,0,14,5,0,21,0,10,0,1,4,0,2
20,1,35,4.2,0,0,46,20,0,35,0,11,1,3,3,1,1
51,1,43,4.6,0,0,27,19,1,40,0,4,1,4,4,3,4
23,0,20,3.3,0,0,46,17,0,18,0,4,1,2,0,1,3
67,0,36,4.8,0,0,24,1,0,47,0,9,0,1,0,4,1
23,0,70,4.1,0,0,4,3,2,10,1,15,0,2,2,3,0
26,0,83,3.4,0,0,2,21,0,48,0,6,1,1,3,1,2
52,0,76,3.6,0,0,29,17,0,12,0,23,2,0,0,0,2
52,0,81,2.7,0,0,7,4,0,41,0,15,1,3,0,1,2
52,0,47,3.2,0,0,39,6,0,33,2,8,1,0,2,3,3
35,0,35,4.4,0,0,46,2,1,14,0,6,1,0,0,1,2
24,0,85,4.9,0,0,44,12,0,38,0,23,0,2,0,4,0
43,0,96,4.8,0,0,20,2,1,20,2,12,0,2,0,0,0
25,0,98,2.8,0,0,44,18,0,25,0,4,1,3,0,3,2
46,0,52,2.9,0,0,23,19,1,47,0,18,0,1,1,0,0
22,0,84,3.2,0,0,37,11,0,11,0,18,2,2,4,3,5
70,0,71,3.5,0,0,4,23,0,16,0,17,2,4,4,4,5
49,0,95,4.1,0,0,14,13,1,33,1,2,2,0,4,4,2
48,0,47,4.1,0,0,31,2,1,18,0,13,1,4,1,0,2
59,0,75,4.8,0,0,9,3,2,41,0,0,1,4,2,3,4
39,0,28,2.8,0,0,31,0,0,11,0,19,0,3,1,1,5
30,0,44,4.7,0,0,26,21,0,36,0,23,0,4,0,0,0
37,0,64,4.8,0,0,41,13,1,0,2,6,2,0,0,3,1
56,0,28,2.9,0,0,13,2,1,46,0,11,0,2,3,0,0
67,0,21,2.6,0,0,4,8,0,26,0,12,1,0,0,0,3
40,0,41,3.3,0,0,15,7,0,7,1,3,0,2,0,0,1
24,0,38,3.4,0,0,38,17,0,44,0,14,2,0,1,0,0
43,0,77,3.6,0,0,3,0,0,15,0,11,0,4,1,0,2
45,0,43,3.8,0,0,6,17,0,5,0,12,0,2,2,3,1
33,0,91,3.4,0,0,34,0,0,24,0,10,0,0,0,1,0
53,0,68,3.8,0,0,7,17,0,24,1,23,0,2,0,2,4
44,0,37,3.3,0,0,21,20,0,25,0,8,0,3,2,4,0
23,0,23,4.8,0,0,17,16,1,19,0,12,1,0,3,2,3
59,0,65,3.9,0,0,5,19,1,31,0,11,2,4,0,4,1
68,0,30,4.2,0,0,21,0,0,24,0,8,1,0,2,0,2
46,0,45,4.7,0,0,42,4,0,45,0,6,1,4,1,1,0
56,0,25,2.7,0,0,49,2,1,44,0,6,2,4,0,1,4
40,0,72,3.8,0,0,33,20,0,8,0,0,2,4,0,0,2
61,0,75,3.6,0,0,12,4,0,6,0,22,0,0,0,2,0
53,0,63,2.9,0,0,18,6,0,46,2,20,0,0,0,1,1
29,0,35,3.9,0,0,47,1,0,48,0,13,0,1,3,3,4
44,0,32,4.7,0,0,18,0,0,29,0,23,1,4,1,0,5
43,0,25,3.3,0,0,48,12,0,25,0,1,2,0,0,0,3
40,0,90,4.2,0,0,18,19,1,45,2,21,0,4,1,2,1
55,0,70,2.6,0,0,46,2,1,9,0,9,1,2,3,0,4
66,0,27,4.9,0,0,34,21,0,16,0,12,0,4,0,1,1
50,0,92,3.6,0,0,10,7,0,40,0,13,0,2,3,3,0
57,0,20,4.7,0,0,12,3,2,39,0,22,0,1,1,2,3
42,0,52,3.2,0,0,36,9,2,6,0,17,2,1,3,0,4
55,0,57,3.6,0,0,34,8,0,44,0,10,1,4,4,4,4
25,0,96,3.6,0,0,49,2,1,42,0,21,0,4,0,2,0
22,0,68,3.2,0,0,36,23,0,3,2,12,2,0,3,0,5
49,0,30,2.8,0,0,18,22,0,10,0,18,1,0,4,0,2
70,0,37,4.0,0,0,39,16,1,41,0,6,0,3,2,2,2
56,0,42,4.4,0,0,34,14,0,40,2,12,2,0,1,3,5
52,0,54,3.4,0,0,35,4,0,40,0,0,0,1,2,2,5
65,0,81,5.0,0,0,1,9,2,45,1,20,0,2,4,1,0
24,0,40,3.1,0,0,48,16,1,0,1,1,0,0,0,2,4
32,0,88,4.2,0,0,19,0,0,25,0,15,0,0,3,0,5
57,0,94,3.3,0,0,44,4,0,0,0,19,1,2,4,2,5
35,0,54,2.9,0,0,9,15,0,11,1,4,2,2,3,1,0
69,0,51,4.7,0,0,3,9,2,47,0,16,1,2,3,0,2
30,0,22,4.0,0,0,50,21,0,25,0,17,0,1,3,4,3
37,0,95,4.6,0,0,7,9,2,32,0,2,0,1,3,2,4
19,0,57,3.8,0,0,20,3,2,22,0,10,0,3,0,2,0
53,0,45,3.6,0,0,16,22,0,13,1,12,2,2,4,1,0
25,0,92,4.1,0,0,29,19,1,22,2,15,2,2,0,3,2
47,0,40,2.7,0,0,21,16,1,4,0,0,0,2,4,2,5
18,0,62,4.3,0,0,19,21,0,25,2,0,2,2,1,1,1
22,0,90,4.9,0,0,10,17,0,44,0,14,2,1,2,4,0
69,0,82,4.2,0,0,4,8,0,16,1,14,0,4,1,0,3
55,0,52,2.8,0,0,45,14,0,18,0,14,0,2,4,0,4
19,0,70,4.9,0,0,17,13,1,21,1,19,0,0,1,3,2
23,0,83,2.8,0,0,22,7,0,17,0,7,0,3,0,3,2
54,0,49,2.9,0,0,3,16,1,41,2,2,1,0,4,3,1
52,0,91,2.5,0,0,11,19,1,23,0,2,0,0,2,2,2
64,0,99,2.7,0,0,4,0,0,22,1,21,1,0,1,2,0
33,0,92,3.3,0,0,11,0,0,20,0,1,2,2,1,3,0
40,0,87,3.7,0,0,47,15,0,4,0,3,2,2,0,1,2
26,0,28,4.0,0,0,17,18,0,7,0,15,2,1,0,2,5
31,0,71,4.1,0,0,32,5,0,24,1,21,1,2,1,1,3
23,0,32,4.1,0,0,37,5,0,47,0,19,2,0,4,0,0
52,0,33,2.5,0,0,44,6,0,47,0,17,1,3,0,0,4
21,0,75,4.2,0,0,27,20,0,6,0,13,2,1,4,2,1
31,0,83,4.7,0,0,46,0,0,31,0,10,1,0,0,3,0
63,0,93,2.7,0,0,13,10,0,30,2,23,1,4,0,0,0
46,0,29,3.0,0,0,2,18,0,3,0,23,0,0,0,3,0
44,0,25,4.8,0,0,45,8,0,24,0,15,0,3,4,1,0
57,0,76,4.4,0,0,35,11,0,31,1,8,0,4,1,0,1
50,0,81,4.3,0,0,39,19,1,33,0,3,1,0,0,4,1
33,0,80,2.5,0,0,39,15,0,0,2,1,2,4,4,1,1
19,0,70,4.9,0,0,34,21,0,36,0,9,1,1,1,0,2
68,0,81,4.9,0,0,41,4,0,17,0,23,0,3,0,4,3
27,0,86,3.9,0,0,47,16,1,41,0,0,0,3,1,2,0
61,0,94,4.1,0,0,17,0,0,28,1,0,0,2,0,4,4
38,0,66,3.3,0,0,40,15,0,48,0,18,2,0,4,1,3
28,0,98,4.1,0,0,44,2,1,20,0,10,1,0,3,3,0
39,0,25,3.7,0,0,21,8,0,33,0,13,0,0,3,3,1
18,0,62,3.1,0,0,21,10,0,46,0,19,2,2,1,1,1
24,0,98,3.0,0,0,16,9,2,44,0,20,0,0,1,4,0
64,0,53,3.4,0,0,15,9,2,43,0,4,0,4,3,0,0
51,0,66,2.7,0,0,26,13,1,0,0,15,0,0,0,3,1
27,0,52,3.1,0,0,50,4,0,21,1,8,0,4,1,4,3
48,0,64,4.0,0,0,30,22,0,4,1,14,2,0,1,4,0
69,0,59,3.6,0,0,48,5,0,37,0,0,0,0,2,3,4
59,0,61,3.6,0,0,21,21,0,28,0,5,1,3,1,4,0
59,0,97,3.3,0,0,18,0,0,26,0,8,2,4,4,1,0
42,0,23,4.1,0,0,41,7,0,21,0,21,2,0,1,3,3
39,0,98,4.3,0,0,11,7,0,6,2,2,0,0,2,4,3
32,0,98,3.2,0,0,8,1,0,11,0,16,1,2,3,0,0
68,0,59,3.9,0,0,42,16,1,45,0,20,1,1,1,0,1
41,0,82,5.0,0,0,41,18,0,0,1,21,0,0,2,1,0
31,0,82,3.4,0,0,3,19,1,20,0,16,0,4,2,1,1
58,0,41,3.8,0,0,10,23,0,8,0,3,0,0,4,2,1
28,0,52,2.9,0,0,35,6,0,46,0,7,0,4,0,4,4
63,0,41,2.6,0,0,2,22,0,1,2,22,0,1,2,2,5
64,0,70,4.3,0,0,24,5,0,4,0,16,1,0,0,1,4
66,0,91,2.8,0,0,47,4,0,40,0,4,2,4,3,1,3
31,0,95,4.5,0,0,31,4,0,13,0,7,0,1,1,0,3
55,0,25,3.8,0,0,28,1,0,14,0,0,0,4,0,3,0
32,0,89,3.0,0,0,13,15,0,34,0,9,0,3,3,0,5
50,0,44,3.3,0,0,22,2,1,25,1,1,0,3,0,0,4
58,0,52,3.1,0,0,12,9,2,18,1,0,1,0,0,0,2
18,0,94,3.5,0,0,10,0,0,36,0,1,0,1,4,0,1
39,0,98,4.6,0,0,45,12,0,1,1,11,0,1,0,0,4
56,0,40,4.1,0,0,42,2,1,34,0,23,0,0,3,1,4
37,0,25,3.6,0,0,16,20,0,24,0,17,0,4,1,2,5
46,0,62,2.9,0,0,6,14,0,48,0,7,0,2,1,0,0
52,0,24,4.8,0,0,28,1,0,10,0,10,0,2,3,1,1
70,0,57,3.2,0,0,24,0,0,36,0,23,0,0,3,1,0
61,0,66,4.3,0,0,14,21,0,24,0,1,2,0,0,1,2
33,0,70,4.1,0,0,29,2,1,33,0,3,2,0,2,3,2
65,0,39,4.6,0,0,33,13,1,22,0,1,0,4,3,3,5
41,0,34,3.8,0,0,30,5,0,10,1,4,0,3,1,3,0
19,0,38,4.5,0,0,26,18,0,44,0,18,0,1,2,1,4
33,0,70,3.1,0,0,12,18,0,10,0,0,2,0,0,3,1
53,0,80,2.9,0,0,13,1,0,16,1,7,1,1,2,0,3
54,0,51,3.8,0,0,41,6,0,4,0,21,0,3,2,2,1
36,0,79,4.1,0,0,4,2,1,46,2,15,0,0,2,4,2
56,0,92,3.1,0,0,2,2,1,37,0,12,1,0,1,1,0
28,0,85,5.0,0,0,28,22,0,31,0,13,0,0,0,1,0
34,0,63,4.5,0,0,24,20,0,17,0,0,0,0,1,2,0
43,0,60,2.8,0,0,14,5,0,13,0,23,0,1,0,4,2
54,0,44,3.2,0,0,11,17,0,15,0,21,2,2,0,1,5
37,0,57,3.1,0,0,27,2,1,19,0,18,0,0,3,2,0
33,0,24,3.3,0,0,7,9,2,30,0,5,0,3,3,0,2
33,0,35,3.4,0,0,49,14,0,25,0,10,2,0,4,3,0
55,0,73,3.8,0,0,21,9,2,34,0,17,2,0,4,0,0
63,0,42,3.5,0,0,10,11,0,34,0,7,2,3,0,4,1
52,0,20,4.8,0,0,37,8,0,37,2,17,2,1,4,3,5
23,0,89,3.9,0,0,9,23,0,17,0,15,0,1,1,0,1
70,0,76,3.4,0,0,14,15,0,2,0,21,0,3,1,0,0
64,0,56,2.6,0,0,30,15,0,29,0,8,2,0,0,3,0
22,0,100,3.1,0,0,42,3,2,9,0,17,0,0,4,1,2
46,0,44,3.3,0,0,31,23,0,10,0,21,2,1,1,0,3
65,0,76,2.8,0,0,48,8,0,38,0,4,0,1,3,0,1
18,0,97,4.3,0,0,48,21,0,26,1,0,0,0,3,0,4
45,0,39,2.7,0,0,50,1,0,38,0,16,0,3,3,1,0
56,0,100,4.4,0,0,10,8,0,18,0,3,0,2,0,2,2
49,0,62,3.9,0,0,45,18,0,40,0,0,0,1,1,3,1
66,0,98,3.0,0,0,27,17,0,2,2,19,1,2,3,2,4
27,0,31,4.0,0,0,10,10,0,1,0,16,1,1,3,2,2
69,0,89,3.7,0,0,19,9,2,33,0,1,0,3,4,1,4
66,0,91,3.8,0,0,1,8,0,32,2,10,0,2,4,1,1
45,0,50,3.3,0,0,39,15,0,43,1,11,1,2,0,2,4
31,0,32,3.6,0,0,14,23,0,21,0,5,2,4,3,0,3
33,0,67,3.9,0,0,40,1,0,10,0,0,0,0,1,4,1
43,0,28,3.5,0,0,45,18,0,18,0,0,0,0,1,4,5
25,0,65,3.4,0,0,6,0,0,38,2,23,2,1,3,4,5
46,0,73,4.7,0,0,12,17,0,3,0,20,0,4,2,2,0
67,0,27,3.0,0,0,19,15,0,8,0,9,0,1,1,0,3
26,0,89,3.9,0,0,5,0,0,43,0,23,1,4,1,0,0
35,0,72,4.5,0,0,37,16,1,8,0,12,1,1,3,4,3
61,0,37,4.1,0,0,33,18,0,28,1,2,0,3,3,3,4
26,0,63,4.5,0,0,47,4,0,42,0,12,1,4,3,2,0
39,0,90,4.0,0,0,49,7,0,42,0,16,0,2,1,2,4
69,0,62,4.3,0,0,28,6,0,31,0,23,2,0,0,0,0
32,0,43,3.6,0,0,23,6,0,7,0,2,0,2,0,4,0
20,0,96,3.1,0,0,11,1,0,47,0,10,0,1,2,0,0
25,0,83,2.6,0,0,33,14,0,40,0,9,0,1,3,3,4
56,0,67,3.4,0,0,47,11,0,1,2,19,0,3,2,0,5
63,0,90,2.9,0,0,13,18,0,35,0,4,0,1,4,4,1
34,0,53,5.0,0,0,4,8,0,44,0,15,2,0,0,1,5
29,0,37,4.6,0,0,40,14,0,18,0,10,1,0,3,3,4
43,0,56,3.3,0,0,19,10,0,2,0,19,0,3,1,0,3
39,0,43,2.9,0,0,17,9,2,41,0,8,0,1,0,1,5
33,0,84,4.9,0,0,7,23,0,43,1,15,2,1,1,4,0
51,0,50,5.0,0,0,21,12,0,48,0,3,2,4,0,0,0
65,0,88,4.5,0,0,44,16,1,0,0,2,1,4,0,3,5
51,0,50,3.7,0,0,2,9,2,17,0,1,0,4,1,0,5
70,0,80,2.8,0,0,30,14,0,39,0,19,1,0,4,0,3
40,0,47,3.5,0,0,41,23,0,46,0,15,0,0,4,0,0
19,0,33,3.0,0,0,31,4,0,33,2,10,2,1,0,0,5
28,0,100,4.3,0,0,48,3,2,1,0,7,0,0,3,2,4
51,0,26,3.6,0,0,41,22,0,33,0,22,1,0,4,4,5
32,0,79,4.4,0,0,42,7,0,29,0,8,1,4,3,4,0
26,0,77,4.1,0,0,39,0,0,39,0,9,1,0,0,2,1
50,0,36,2.8,0,0,15,20,0,34,2,0,0,0,2,3,0
68,0,21,2.8,0,0,3,11,0,5,0,3,2,4,1,3,1
33,0,72,4.9,0,0,28,2,1,47,0,6,0,2,4,0,4
56,0,25,4.1,0,0,27,3,2,27,0,5,0,1,0,3,0
57,0,79,3.0,0,0,36,22,0,25,0,18,0,1,4,2,0
58,0,73,3.0,0,0,42,1,0,26,0,19,1,0,4,2,3
40,0,71,3.0,0,0,30,0,0,30,0,10,0,1,4,4,5
37,0,48,3.2,0,0,9,7,0,36,0,10,2,0,2,3,5
36,0,28,2.7,0,0,25,13,1,6,0,0,0,2,4,4,3
29,0,95,3.8,0,0,33,2,1,22,1,11,2,2,0,3,4
65,0,48,3.5,0,0,31,9,2,13,0,8,2,2,0,1,3
44,0,93,3.8,0,0,35,4,0,42,1,11,0,4,2,2,3
34,0,87,3.8,0,0,46,10,0,18,0,19,1,0,0,0,3
31,0,32,3.4,0,0,29,17,0,42,0,23,0,4,0,0,0
28,0,38,2.9,0,0,49,15,0,37,0,5,0,3,2,0,5
66,0,54,3.4,0,0,27,3,2,18,0,19,0,2,1,1,3
68,0,75,4.7,0,0,5,3,2,9,1,21,1,0,4,0,1
37,0,56,3.9,0,0,18,23,0,5,0,23,0,2,0,4,3
58,0,43,3.6,0,0,31,22,0,11,1,11,0,2,4,4,5
28,0,97,3.7,0,0,27,18,0,3,0,18,0,0,1,0,2
54,0,75,3.1,0,0,19,1,0,5,1,21,1,4,1,0,0
21,0,55,4.9,0,0,33,19,1,4,0,22,1,4,2,0,2
45,0,49,2.6,0,0,42,0,0,4,0,0,2,2,2,3,1
57,0,58,4.2,0,0,16,20,0,8,0,22,1,0,3,0,5
47,0,34,4.8,0,0,49,11,0,32,0,1,2,2,1,2,1
46,0,43,2.7,0,0,40,17,0,10,1,0,1,0,0,4,0
63,0,48,2.6,0,0,5,11,0,5,0,12,0,4,2,0,0
44,0,40,2.6,0,0,8,22,0,24,0,19,0,3,1,0,3
36,0,29,3.1,0,0,2,15,0,4,0,18,1,2,3,2,0
24,0,81,2.6,0,0,14,12,0,15,0,15,0,1,1,2,5
65,0,84,3.4,0,0,5,8,0,29,0,3,0,1,0,0,2
32,0,46,3.6,0,0,34,20,0,28,0,18,1,3,3,4,3
63,0,86,4.3,0,0,13,4,0,3,0,20,1,4,2,0,0
62,0,57,4.9,0,0,31,1,0,32,2,20,2,1,1,4,0
19,0,61,4.8,0,0,43,18,0,7,0,0,2,2,4,3,4
38,0,90,4.2,0,0,6,0,0,41,0,4,2,1,1,0,0
59,0,51,2.6,0,0,23,1,0,34,0,5,2,1,4,1,0
22,0,48,3.2,0,0,10,20,0,37,2,18,0,2,3,3,5
55,0,50,3.4,0,0,47,2,1,2,0,16,1,0,0,1,1
29,0,82,3.5,0,0,14,0,0,26,0,23,1,0,2,1,0
42,0,33,4.2,0,0,29,7,0,42,0,1,0,1,1,3,5
23,0,28,2.8,0,0,12,13,1,15,0,1,2,2,0,0,0
70,0,42,5.0,0,0,25,8,0,47,0,7,0,4,0,2,4
64,0,43,3.3,0,0,21,21,0,21,0,3,0,1,4,4,0
39,0,55,3.7,0,0,23,10,0,32,0,21,2,3,1,1,3
47,0,73,2.5,0,0,10,23,0,33,2,0,2,4,1,3,3
22,0,39,3.2,0,0,47,4,0,26,0,19,0,0,3,1,3
69,0,20,3.1,0,0,44,0,0,15,1,13,0,1,1,2,1
35,0,32,3.5,0,0,41,11,0,15,1,2,0,0,3,4,0
56,0,86,4.6,0,0,29,8,0,24,0,7,1,2,3,0,3
30,0,91,3.3,0,0,2,1,0,6,0,18,1,1,1,4,1
43,0,59,2.5,0,0,2,9,2,24,0,21,0,1,1,0,2
23,0,33,4.6,0,0,29,19,1,28,2,14,1,1,0,1,0
50,0,64,4.2,0,0,22,2,1,25,0,5,0,3,0,0,2
41,0,67,4.0,0,0,23,1,0,18,2,21,2,0,3,0,0
41,0,43,2.6,0,0,46,1,0,0,0,12,2,1,1,1,4
27,0,32,4.6,0,0,19,2,1,31,1,13,0,2,3,3,0
38,0,39,3.5,0,0,24,14,0,6,1,19,0,4,0,1,1
41,0,41,4.0,0,0,43,13,1,13,0,6,0,0,0,4,3
58,0,53,4.8,0,0,14,21,0,30,0,0,2,3,3,2,2
58,0,27,3.9,0,0,7,3,2,44,0,8,0,3,3,4,0
19,0,82,3.7,0,0,50,21,0,18,2,9,1,0,2,3,0
43,0,87,3.1,0,0,15,1,0,41,0,0,2,2,4,2,1
27,0,78,3.0,0,0,40,0,0,16,0,8,2,0,2,1,1
32,0,32,2.9,0,0,41,0,0,22,0,1,1,0,4,1,3
28,0,38,2.9,0,0,34,20,0,33,2,13,0,2,2,4,4
48,0,37,4.0,0,0,27,16,1,35,0,23,2,0,3,0,0
43,0,83,3.5,0,0,12,3,2,48,0,4,2,2,0,0,1
45,0,72,3.8,0,0,1,22,0,36,0,23,0,3,0,2,0
26,0,30,4.5,0,0,39,15,0,35,0,4,0,1,0,2,0
62,0,66,2.7,0,0,13,17,0,34,0,7,2,1,0,1,0
58,0,45,2.9,0,0,50,15,0,4,2,22,2,0,4,4,0
19,0,73,4.9,0,0,36,21,0,30,1,0,0,1,1,0,5
64,0,67,3.8,0,0,31,16,1,21,0,3,2,0,3,2,3
33,0,72,4.9,0,0,3,21,0,41,2,2,0,4,1,2,0
20,0,24,4.6,0,0,11,6,0,47,0,4,0,4,3,0,2
45,0,68,3.5,0,0,16,21,0,15,0,0,2,4,0,3,4
28,0,70,4.2,0,0,12,15,0,36,0,10,0,0,0,0,4
47,0,64,3.7,0,0,37,15,0,37,0,8,2,0,1,2,1
54,0,91,2.8,0,0,43,22,0,11,0,11,0,0,4,1,1
64,0,82,4.8,0,0,9,6,0,18,0,6,2,2,0,0,5
45,0,24,2.7,0,0,15,15,0,23,0,0,1,2,0,4,0
40,0,80,3.6,0,0,17,11,0,0,0,23,0,4,4,1,5
31,0,53,4.5,0,0,42,20,0,17,2,22,2,2,2,4,2
38,0,50,4.0,0,0,14,23,0,22,0,13,0,1,1,4,3
36,0,31,4.5,0,0,49,11,0,0,0,10,0,0,0,1,0
65,0,88,3.9,0,0,3,0,0,0,0,0,0,1,0,3,4
27,0,52,3.8,0,0,28,7,0,11,0,2,1,1,3,4,3
38,0,22,4.7,0,0,41,5,0,10,0,13,0,0,2,0,4
58,0,27,4.6,0,0,11,19,1,31,2,6,0,2,3,4,5
31,0,34,3.6,0,0,46,18,0,45,0,22,0,2,0,3,5
28,0,39,4.3,0,0,15,6,0,46,0,22,0,2,0,1,5
28,0,53,3.0,0,0,15,21,0,17,0,21,0,0,3,0,3
32,0,46,4.3,0,0,34,22,0,15,0,0,2,3,0,4,5
61,0,85,4.8,0,0,13,6,0,19,0,0,1,4,2,0,3
38,0,86,3.7,0,0,27,18,0,36,0,16,0,0,1,3,3
54,0,63,2.6,0,0,37,20,0,9,0,2,1,0,1,0,5
29,0,44,3.4,0,0,37,15,0,44,0,13,0,2,3,1,3
50,0,95,3.9,0,0,4,19,1,30,2,4,1,0,1,4,1
32,0,49,4.8,0,0,1,0,0,6,0,3,1,4,1,1,1
38,0,77,2.8,0,0,29,12,0,9,0,16,0,1,1,0,4
52,0,63,4.4,0,0,50,11,0,25,0,14,0,4,3,4,0
61,0,83,3.1,0,0,38,12,0,43,0,21,2,1,3,2,0
25,0,93,3.8,0,0,15,11,0,13,0,14,0,1,4,3,0
22,0,91,4.1,0,0,44,10,0,13,1,11,2,0,0,2,1
47,0,99,4.6,0,0,14,14,0,2,0,11,0,1,1,0,5
50,0,24,4.9,0,0,5,0,0,0,0,14,0,3,2,2,3
45,0,82,4.8,0,0,11,4,0,18,0,18,1,3,2,1,0
33,0,28,3.9,0,0,15,23,0,39,0,8,2,3,0,1,0
42,0,67,2.6,0,0,46,2,1,43,0,18,2,4,1,1,0
52,0,88,3.7,0,0,30,4,0,24,0,12,0,3,3,4,3
69,0,70,4.7,0,0,2,11,0,39,1,6,0,0,3,0,0
55,0,100,4.5,0,0,28,18,0,33,0,0,1,4,3,3,3
38,0,28,4.7,0,0,9,6,0,41,0,11,1,3,1,3,4
57,0,48,3.6,0,0,47,3,2,12,1,12,0,4,3,1,5
33,0,43,2.8,0,0,21,8,0,27,1,5,0,1,1,2,0
57,0,40,4.0,0,0,42,12,0,3,0,15,0,3,0,1,1
52,0,97,3.6,0,0,28,2,1,17,0,2,0,2,1,1,5
44,0,25,3.8,0,0,13,3,2,33,1,22,0,1,0,4,2
48,0,45,4.4,0,0,25,14,0,6,0,1,1,0,3,3,2
52,0,49,2.8,0,0,38,2,1,34,0,13,0,0,4,2,1
34,0,36,3.4,0,0,40,19,1,12,0,18,1,0,1,4,0
26,0,48,4.9,0,0,25,22,0,38,1,6,0,0,0,0,1
36,0,62,4.3,0,0,20,0,0,43,1,1,0,0,2,0,1
24,0,74,3.4,0,0,44,11,0,14,0,22,2,0,1,1,0
30,0,100,3.9,0,0,9,6,0,42,0,23,0,1,2,3,1
31,0,39,4.2,0,0,11,9,2,30,1,8,0,4,1,4,1
25,0,65,2.7,0,0,3,2,1,12,0,1,1,3,4,0,2
57,0,99,4.1,0,0,34,19,1,40,2,14,1,0,4,1,5
61,0,68,4.5,0,0,48,14,0,8,2,9,2,3,0,0,1
30,0,97,2.8,0,0,28,3,2,25,0,18,1,2,0,0,2
38,0,47,3.4,0,0,20,17,0,45,0,5,2,3,3,4,0
53,0,56,3.9,0,0,49,17,0,10,1,4,0,1,1,0,2
31,0,91,2.6,0,0,14,10,0,16,0,12,0,3,2,3,5
70,0,93,4.4,0,0,9,5,0,28,0,19,0,0,0,0,3
21,0,36,4.9,0,0,37,12,0,6,0,15,2,3,3,4,0
33,0,45,3.6,0,0,4,4,0,47,0,13,1,4,4,1,5
60,0,44,2.8,0,0,1,12,0,46,0,3,2,4,0,1,4
45,0,32,4.3,0,0,36,5,0,41,0,17,0,3,0,2,0
46,0,36,3.0,0,0,21,0,0,9,1,19,1,4,0,0,0
62,0,85,3.3,0,0,16,0,0,1,1,18,1,1,0,1,3
63,0,36,2.5,0,0,42,18,0,16,0,0,2,2,4,0,3
69,0,55,5.0,0,0,31,20,0,26,1,15,0,2,0,2,3
46,0,20,4.3,0,0,6,0,0,37,2,19,1,0,0,1,5
69,0,91,4.2,0,0,24,15,0,11,0,19,0,4,1,4,3
66,0,71,3.9,0,0,7,4,0,42,0,7,1,3,3,3,0
41,0,64,3.9,0,0,25,20,0,32,0,3,0,0,4,4,5
32,0,21,4.2,0,0,18,9,2,14,0,8,0,0,1,0,0
69,0,100,3.5,0,0,14,22,0,26,1,22,2,0,4,0,4
29,0,96,2.5,0,0,42,10,0,44,0,13,1,4,3,2,0
70,0,91,2.9,0,0,6,11,0,42,0,22,0,1,0,4,1
41,0,40,2.7,0,0,14,22,0,10,1,23,0,4,2,4,1
31,0,53,4.7,0,0,30,8,0,0,0,17,1,4,0,2,4
31,0,48,3.8,0,0,10,21,0,27,1,3,2,0,3,0,3
57,0,70,3.7,0,0,7,13,1,33,0,9,2,0,0,3,5
29,0,29,4.7,0,0,28,3,2,24,0,3,1,1,0,1,4
70,0,29,3.6,0,0,19,0,0,16,0,11,0,0,2,0,4
51,0,53,2.8,0,0,13,1,0,35,0,2,0,4,0,1,1
45,0,79,3.7,0,0,23,18,0,1,0,9,2,4,4,4,2
18,0,65,3.5,0,0,5,17,0,0,2,2,0,0,0,4,5
37,0,99,3.7,0,0,17,4,0,42,0,12,1,4,4,4,0
23,0,60,3.0,0,0,31,21,0,30,0,9,2,2,2,4,5
39,0,86,4.9,0,0,19,16,1,29,0,5,2,0,1,3,5
62,0,73,4.6,0,0,8,0,0,16,0,18,2,4,1,4,2
70,0,45,3.3,0,0,15,0,0,33,0,21,2,0,1,1,0
20,0,70,3.0,0,0,18,0,0,26,1,2,1,0,2,1,1
42,0,65,3.5,0,0,16,0,0,10,0,19,0,1,3,3,0
41,0,55,4.2,0,0,13,18,0,1,0,14,1,2,4,0,3
24,0,65,4.5,0,0,38,23,0,42,0,11,0,1,0,3,1
37,0,21,2.8,0,0,27,14,0,48,2,9,0,4,0,0,0
30,0,26,4.9,0,0,31,1,0,12,0,9,1,1,4,0,4
58,0,71,3.3,0,0,24,21,0,47,1,16,1,0,2,0,0
43,0,41,3.0,0,0,21,2,1,41,0,7,1,2,1,2,0
19,0,44,3.9,0,0,15,9,2,42,0,23,2,4,0,3,0
23,0,81,2.8,0,0,48,10,0,2,1,3,0,0,4,4,1
65,0,77,4.5,0,0,47,21,0,36,1,1,1,2,0,0,4
58,0,26,4.0,0,0,23,13,1,8,0,9,0,2,1,3,5
50,0,31,2.9,0,0,4,0,0,12,0,2,1,3,0,3,4
67,0,82,4.0,0,0,47,1,0,10,1,22,0,1,1,1,1
40,0,60,3.4,0,0,7,16,1,24,2,7,1,2,4,3,3
55,0,70,2.5,0,0,6,15,0,40,0,10,0,4,1,1,0
52,0,26,2.8,0,0,47,8,0,46,2,14,2,0,0,1,4
62,0,100,3.0,0,0,7,4,0,3,0,3,1,3,1,3,1
64,0,82,3.1,0,0,1,4,0,8,0,5,1,0,1,2,4
43,0,24,2.6,0,0,23,19,1,18,2,16,0,3,0,1,5
61,0,74,4.9,0,0,30,1,0,10,0,19,1,3,0,1,3
26,0,58,3.5,0,0,24,0,0,3,2,7,1,2,2,1,4
22,0,56,2.6,0,0,9,22,0,0,0,13,0,3,4,3,5
51,0,37,3.5,0,0,25,2,1,42,0,14,0,3,0,1,4
69,0,64,4.5,0,0,18,6,0,15,0,5,0,0,1,0,0
50,0,58,4.3,0,0,7,8,0,43,1,21,0,3,2,4,2
51,0,44,4.8,0,0,2,0,0,13,0,3,1,2,2,0,0
56,0,39,4.2,0,0,36,11,0,8,0,2,1,0,1,2,0
59,0,48,3.2,0,0,31,1,0,0,0,1,0,0,2,3,0
18,0,32,4.1,0,0,10,6,0,25,0,5,0,3,0,0,2
48,0,79,4.0,0,0,27,6,0,37,0,13,2,1,0,3,3
53,0,27,2.9,0,0,14,3,2,39,0,20,2,1,2,3,1
45,0,98,2.6,0,0,17,0,0,11,1,14,0,2,4,1,3
21,0,67,2.7,0,0,10,2,1,31,0,10,2,3,1,0,4
42,0,37,4.6,0,0,4,20,0,7,0,0,2,2,0,3,0
60,0,49,3.2,0,0,25,16,1,36,0,22,0,0,4,0,1
21,0,74,4.1,0,0,3,19,1,43,0,21,0,0,0,3,0
69,0,93,3.9,0,0,47,11,0,4,0,12,1,3,3,4,2
40,0,60,3.0,0,0,41,6,0,42,0,17,1,2,2,0,0
31,0,76,3.6,0,0,28,3,2,15,1,7,0,0,3,4,1
44,0,64,4.6,0,0,49,21,0,48,0,5,1,4,0,2,1
48,0,38,4.5,0,0,7,16,1,17,2,12,0,1,4,0,2
32,0,91,3.2,0,0,22,16,1,17,0,2,2,1,2,0,3
42,0,70,4.9,0,0,34,2,1,27,1,10,1,0,0,4,3
27,0,22,5.0,0,0,5,13,1,14,0,21,0,0,3,2,0
69,0,59,3.8,0,0,15,5,0,28,0,0,0,1,3,0,0
67,0,22,3.4,0,0,26,0,0,31,0,1,0,3,2,0,5
41,0,74,3.8,0,0,3,6,0,46,1,13,2,4,4,0,2
46,0,71,3.2,0,0,42,22,0,15,0,11,0,3,0,1,4
47,0,80,4.7,0,0,1,3,2,3,1,3,1,1,4,4,3
33,0,59,4.5,0,0,20,23,0,39,0,12,0,2,0,3,1
51,0,96,3.3,0,0,39,0,0,3,0,7,0,0,3,3,3
26,0,43,3.9,0,0,24,21,0,5,0,2,2,2,4,1,2
22,0,76,3.6,0,0,49,0,0,10,1,4,2,2,0,0,4
49,0,59,2.8,0,0,7,9,2,32,0,0,0,2,4,4,0
58,0,48,4.3,0,0,13,18,0,20,0,19,1,0,1,4,1
70,0,22,3.5,0,0,2,0,0,23,1,6,0,0,1,0,5
32,0,40,4.2,0,0,4,2,1,3,0,8,2,0,0,2,5
62,0,73,4.6,0,0,17,10,0,6,0,10,0,4,0,2,4
52,0,26,2.6,0,0,43,16,1,0,2,17,0,2,1,3,0
23,0,41,3.4,0,0,6,22,0,27,0,20,0,2,2,3,3
26,0,98,3.1,0,0,46,11,0,30,0,14,0,4,3,3,4
58,0,63,3.6,0,0,7,15,0,35,0,22,2,3,1,2,0
26,0,55,4.2,0,0,34,2,1,19,0,11,2,0,2,2,2
54,0,90,3.6,0,0,21,17,0,42,2,0,2,1,3,3,1
66,0,46,3.6,0,0,13,6,0,27,0,1,1,1,0,4,0
60,0,88,3.0,0,0,33,22,0,11,1,17,0,4,4,2,0
32,0,95,2.5,0,0,24,0,0,0,0,1,0,0,0,0,0
48,0,31,4.0,0,0,4,0,0,48,0,11,0,1,4,0,0
69,0,42,4.1,0,0,5,8,0,4,0,23,0,3,2,0,0
64,0,44,4.9,0,0,11,19,1,43,0,15,2,2,2,1,5
56,0,99,4.0,0,0,20,23,0,42,0,11,0,4,2,0,0
22,0,20,3.5,0,0,28,12,0,11,1,16,1,4,4,3,4
46,0,37,3.2,0,0,43,14,0,10,1,8,0,0,4,3,3
24,0,50,2.8,0,0,10,22,0,26,0,6,2,1,4,4,1
47,0,73,3.5,0,0,26,6,0,42,0,9,1,2,2,4,1
62,0,84,3.1,0,0,29,15,0,31,0,3,0,0,1,0,3
34,0,64,3.3,0,0,35,4,0,2,0,19,0,3,4,0,4
50,0,21,4.6,0,0,23,13,1,31,0,1,0,2,1,0,0
29,0,36,4.9,0,0,15,15,0,41,0,14,1,3,4,0,4
68,0,81,3.4,0,0,46,4,0,26,0,13,2,0,0,1,0
52,0,54,3.5,0,0,14,21,0,42,0,18,0,0,2,0,0
29,0,63,4.8,0,0,17,20,0,36,0,17,1,0,4,0,1
22,0,59,2.7,0,0,9,13,1,8,0,6,1,0,4,0,5
62,0,53,3.4,0,0,13,7,0,21,1,0,0,0,3,4,2
69,0,63,3.5,0,0,20,15,0,14,0,22,2,3,2,0,3
48,0,33,3.7,0,0,39,16,1,6,0,18,0,2,1,0,4
66,0,64,3.3,0,0,50,12,0,29,0,4,1,0,2,0,4
42,0,98,2.9,0,0,21,15,0,20,1,11,0,4,1,0,0
50,0,85,3.9,0,0,3,7,0,43,0,16,2,4,0,0,5
32,0,82,2.7,0,0,9,11,0,10,1,2,1,3,0,3,2
51,0,85,4.3,0,0,29,9,2,39,0,7,1,0,3,0,0
27,0,37,3.0,0,0,42,15,0,11,1,14,2,3,0,0,5
43,0,56,5.0,0,0,41,12,0,8,1,20,1,3,0,2,2
48,0,33,2.7,0,0,17,18,0,35,0,12,0,2,0,2,3
62,0,57,4.7,0,0,20,13,1,0,0,23,2,4,2,3,0
65,0,31,4.6,0,0,18,1,0,9,0,6,2,2,3,1,0
50,0,69,3.2,0,0,7,20,0,35,0,16,0,0,0,3,3
60,0,92,4.3,0,0,47,9,2,11,0,6,2,1,1,0,2
19,0,46,4.6,0,0,2,6,0,41,0,9,0,0,2,0,0
21,0,81,4.9,0,0,25,0,0,14,2,8,0,3,1,2,4
19,0,97,3.8,0,0,26,1,0,41,1,7,0,0,0,4,0
46,0,93,2.6,0,0,2,15,0,25,0,7,1,3,0,2,5
21,0,56,4.7,0,0,45,6,0,2,0,12,0,4,4,4,0
26,0,53,4.1,0,0,9,14,0,39,0,3,0,3,1,0,0
50,0,66,3.7,0,0,1,3,2,24,0,6,0,2,4,4,5
43,0,50,3.0,0,0,4,8,0,7,0,12,0,1,1,3,0
61,0,97,4.7,0,0,31,17,0,44,0,1,1,4,3,2,4
63,0,79,4.7,0,0,21,13,1,16,2,18,2,0,0,1,1
46,0,76,4.0,0,0,32,15,0,16,0,10,0,4,4,2,2
63,0,38,2.6,0,0,16,8,0,16,0,0,0,1,3,4,5
23,0,45,3.0,0,0,34,20,0,8,0,15,0,2,0,1,2
57,0,77,3.3,0,0,40,6,0,13,2,17,0,3,2,4,0
57,0,51,3.4,0,0,4,11,0,3,0,14,1,4,3,0,1
33,0,26,4.0,0,0,3,3,2,35,0,9,0,4,3,0,4
57,0,76,2.6,0,0,28,21,0,17,0,9,2,3,4,0,0
55,0,94,3.4,0,0,43,5,0,16,0,0,2,1,1,1,1
65,0,32,4.4,0,0,20,9,2,2,1,8,0,3,3,0,0
60,0,20,4.7,0,0,40,13,1,18,1,4,1,3,0,4,1
52,0,20,4.5,0,0,34,12,0,43,0,23,1,3,4,4,1
34,0,59,2.9,0,0,11,9,2,32,0,14,0,0,4,0,1
33,0,97,4.2,0,0,26,22,0,20,0,23,1,0,0,0,4
58,0,68,4.1,0,0,29,23,0,2,0,13,0,1,2,0,0
35,0,66,4.4,0,0,47,2,1,15,0,6,0,4,4,0,5
68,0,85,4.7,0,0,48,16,1,12,0,23,0,0,1,4,2
58,0,32,3.1,0,0,29,18,0,21,0,6,0,0,2,0,0
34,0,44,2.7,0,0,14,3,2,16,0,20,0,0,0,0,3
47,0,95,4.6,0,0,40,1,0,15,0,6,0,4,2,0,1
35,0,85,4.4,0,0,4,21,0,8,0,12,2,4,2,4,5
34,0,44,4.6,0,0,37,5,0,0,2,14,1,2,1,0,5
36,0,30,4.9,0,0,47,21,0,22,1,14,2,4,0,1,0
23,0,21,4.0,0,0,1,19,1,14,0,10,2,3,0,4,4
68,0,22,2.9,0,0,26,8,0,1,0,16,1,2,4,0,4
23,0,70,2.6,0,0,12,2,1,17,0,0,0,0,1,2,4
57,0,29,4.6,0,0,16,6,0,41,2,16,0,2,3,3,2
21,0,83,4.9,0,0,19,15,0,44,1,23,2,0,1,3,0
45,0,99,4.3,0,0,21,22,0,32,0,15,2,0,0,1,5
37,0,35,4.3,0,0,15,17,0,46,0,16,0,1,1,4,5
18,0,40,4.6,0,0,9,0,0,31,0,9,2,2,1,4,0
55,0,25,2.6,0,0,7,1,0,8,0,14,0,4,0,0,0
52,0,64,3.1,0,0,47,23,0,29,0,13,0,0,0,0,4
49,0,90,3.1,0,0,17,0,0,31,0,17,0,4,4,3,3
56,0,88,3.1,0,0,46,20,0,0,0,17,0,0,2,4,2
27,0,55,4.4,0,0,32,0,0,5,0,5,2,4,3,0,4
22,0,90,4.3,0,0,34,6,0,24,0,2,0,3,1,0,0
18,0,50,3.1,0,0,18,15,0,24,0,0,2,0,0,0,3
21,0,34,3.1,0,0,5,0,0,17,0,17,0,0,4,2,2
30,0,77,4.9,0,0,44,11,0,22,0,6,2,3,0,1,3
62,0,89,2.9,0,0,4,7,0,16,0,15,2,3,4,0,4
28,0,87,3.8,0,0,37,0,0,25,2,20,0,2,2,0,2
66,0,77,4.2,0,0,43,4,0,19,1,3,2,0,0,0,3
66,0,85,3.9,0,0,28,16,1,47,0,1,2,1,3,0,4
49,0,66,2.8,0,0,36,12,0,25,2,20,1,0,0,0,3
40,0,32,2.6,0,0,16,4,0,1,0,18,2,0,3,1,0
49,0,92,3.0,0,0,38,9,2,9,0,9,0,3,4,0,1
19,0,80,2.7,0,0,37,15,0,8,0,5,2,2,2,0,2
24,0,78,2.8,0,0,9,4,0,35,0,1,0,4,0,0,0
31,0,24,2.9,0,0,14,10,0,24,0,13,0,0,0,3,2
35,0,59,3.8,0,0,3,23,0,8,0,22,0,4,1,4,5
65,0,41,4.4,0,0,10,21,0,37,2,3,0,2,0,1,2
68,0,26,3.1,0,0,26,11,0,40,0,11,0,1,0,0,0
57,0,52,3.7,0,0,30,20,0,23,0,12,0,4,3,2,0
69,0,46,4.9,0,0,32,18,0,45,0,19,1,0,2,3,2
45,0,52,3.8,0,0,35,12,0,34,0,13,2,3,4,3,3
35,0,42,3.4,0,0,26,20,0,5,0,11,0,2,4,2,1
36,0,37,4.6,0,0,39,13,1,2,2,20,0,0,0,1,3
55,0,52,3.2,0,0,31,0,0,23,0,0,0,1,3,1,3
66,0,34,2.7,0,0,28,13,1,45,0,0,0,0,1,1,0
57,0,88,4.3,0,0,12,17,0,10,0,12,0,2,1,2,0
18,0,88,3.8,0,0,46,6,0,24,0,20,0,0,3,3,5
31,0,51,4.4,0,0,27,9,2,24,0,3,1,0,1,3,1
50,0,97,3.6,0,0,4,21,0,8,0,7,0,3,1,1,0
50,0,56,3.5,0,0,14,19,1,22,0,7,2,2,3,0,1
61,0,53,4.2,0,0,30,22,0,9,0,7,0,1,0,4,4
52,0,71,4.7,0,0,6,18,0,33,0,5,0,1,0,3,0
38,0,93,4.8,0,0,43,11,0,44,1,4,2,3,4,4,0
67,0,72,3.2,0,0,28,1,0,41,0,8,2,1,1,2,5
42,0,59,3.5,0,0,39,1,0,43,0,9,2,4,3,0,3
25,0,87,4.2,0,0,30,2,1,14,0,0,1,3,4,3,0
41,0,78,3.4,0,0,5,10,0,3,1,16,0,0,1,1,2
62,0,68,4.7,0,0,42,8,0,22,2,11,2,0,4,1,1
19,0,76,3.0,0,0,20,22,0,13,1,11,0,1,1,0,2
63,0,99,4.0,0,0,35,5,0,44,0,19,2,3,0,1,2
43,0,52,4.6,0,0,10,19,1,18,0,5,1,2,3,1,0
68,0,58,4.9,0,0,36,21,0,23,1,17,0,2,2,1,4
24,0,59,2.8,0,0,21,0,0,47,0,11,2,2,0,2,2
27,0,71,3.2,0,0,29,22,0,17,0,19,0,0,1,1,1
61,0,94,2.8,0,0,39,5,0,36,0,14,2,0,1,2,5
59,0,40,4.2,0,0,16,6,0,17,2,15,2,3,0,3,3
67,0,24,4.8,0,0,32,20,0,23,0,0,0,3,1,1,3
46,0,38,2.8,0,0,34,12,0,43,1,8,0,1,0,0,3
65,0,37,4.5,0,0,38,14,0,47,0,7,0,0,3,4,0
63,0,29,4.1,0,0,14,3,2,28,0,19,0,0,0,4,0
57,0,92,4.3,0,0,23,9,2,29,2,9,0,1,1,2,0
40,0,24,4.4,0,0,50,8,0,4,2,10,0,2,0,0,1
36,0,52,3.0,0,0,49,2,1,3,0,2,2,2,1,3,3
67,0,29,2.7,0,0,14,20,0,1,2,0,1,2,2,3,0
61,0,30,3.3,0,0,42,11,0,12,0,8,2,3,0,3,5
64,0,31,4.3,0,0,39,16,1,2,0,14,0,0,3,2,0
30,0,67,2.9,0,0,43,20,0,26,0,10,1,2,0,4,0
53,0,65,4.9,0,0,12,12,0,37,0,20,2,1,3,0,3
27,0,22,3.6,0,0,21,19,1,48,0,8,2,0,0,2,5
27,0,56,3.3,0,0,33,21,0,41,0,2,2,4,3,1,3
53,0,78,3.1,0,0,6,18,0,45,0,23,0,0,1,2,0
34,0,90,2.7,0,0,10,3,2,37,0,10,1,0,1,3,1
39,0,85,3.4,0,0,18,8,0,11,1,12,2,2,2,0,5
44,0,58,3.4,0,0,46,21,0,35,0,18,0,3,0,4,5
37,0,34,3.9,0,0,49,18,0,7,0,19,0,4,0,3,3
57,0,40,3.5,0,0,39,3,2,14,0,22,1,0,0,1,5
38,0,29,4.1,0,0,16,6,0,32,0,1,0,3,1,0,3
21,0,76,3.2,0,0,28,23,0,27,0,23,2,1,3,0,0
45,0,84,4.6,0,0,22,21,0,41,1,11,0,2,4,3,4
68,0,65,3.9,0,0,36,15,0,24,1,6,0,3,3,4,0
37,0,80,2.7,0,0,18,8,0,6,0,8,2,0,1,3,3
53,0,98,3.0,0,0,31,1,0,27,0,15,0,1,4,1,5
57,0,71,3.3,0,0,38,19,1,21,2,0,0,2,2,0,2
28,0,69,2.7,0,0,42,14,0,0,2,22,0,1,1,2,4
37,0,95,4.6,0,0,27,11,0,5,0,23,0,1,0,3,0
54,0,67,2.7,0,0,24,12,0,5,0,19,0,2,0,0,3
49,0,49,2.5,0,0,38,19,1,14,0,12,1,4,2,2,0
62,0,97,4.4,0,0,9,16,1,26,0,11,2,3,1,1,0
45,0,34,4.0,0,0,19,23,0,19,0,22,0,3,2,0,3
45,0,74,3.8,0,0,11,0,0,12,0,9,0,1,0,2,0
49,0,96,2.5,0,0,16,11,0,45,0,0,2,0,0,2,4
27,0,68,4.0,0,0,18,0,0,14,0,7,1,4,1,4,3
63,0,84,4.1,0,0,8,0,0,38,0,12,0,4,2,0,3
61,0,57,2.8,0,0,4,23,0,43,0,6,1,0,0,0,5
25,0,84,3.4,0,0,37,19,1,48,2,19,0,3,0,0,4
33,0,32,2.7,0,0,30,21,0,4,0,3,0,1,0,0,3
56,0,37,3.8,0,0,37,13,1,46,0,21,0,1,0,0,3
50,0,58,4.4,0,0,30,6,0,5,0,9,1,1,4,3,4
45,0,74,2.8,0,0,17,20,0,35,1,0,0,0,0,4,5
45,0,99,5.0,0,0,11,8,0,10,0,0,1,4,4,0,1
65,0,81,4.7,0,0,42,22,0,2,0,0,0,0,0,1,0
63,0,76,3.2,0,0,20,12,0,14,0,16,0,3,2,0,5
70,0,98,2.9,0,0,37,19,1,20,0,10,1,4,4,0,3
53,0,91,3.7,0,0,12,5,0,2,0,19,1,4,0,3,2
22,0,79,4.2,0,0,41,23,0,36,1,19,1,4,1,0,4
26,0,83,3.4,0,0,32,0,0,44,0,15,1,1,0,1,4
23,0,90,2.9,0,0,15,3,2,21,0,19,0,0,0,4,5
25,0,20,3.7,0,0,39,3,2,26,0,5,2,2,3,4,4
69,0,21,2.7,0,0,48,13,1,24,0,2,0,0,4,1,2
36,0,60,3.2,0,0,8,0,0,25,0,2,0,2,0,4,2
21,0,31,4.9,0,0,11,22,0,12,1,10,2,4,4,0,1
57,0,40,2.8,0,0,36,17,0,28,0,0,0,0,2,0,3
60,0,26,4.7,0,0,50,21,0,47,0,19,2,0,1,4,1
44,0,98,3.3,0,0,39,15,0,21,0,2,0,3,0,4,1
31,0,51,4.3,0,0,11,16,1,28,0,10,0,2,0,1,0
57,0,95,3.7,0,0,5,7,0,34,2,8,0,3,0,2,1
39,0,36,4.5,0,0,7,14,0,47,0,21,1,0,0,1,0
48,0,52,3.4,0,0,50,0,0,37,0,4,2,0,4,2,5
42,0,35,2.7,0,0,21,23,0,12,0,21,0,0,3,0,1
56,0,68,4.4,0,0,31,17,0,43,1,0,0,3,0,2,2
28,0,50,4.0,0,0,39,12,0,17,1,3,2,3,0,0,0
40,0,100,3.2,0,0,28,21,0,0,0,22,2,1,0,1,2
49,0,74,4.2,0,0,33,3,2,0,1,6,2,0,2,0,5
37,0,45,3.0,0,0,42,8,0,10,0,15,2,2,4,1,4
22,0,97,2.8,0,0,5,4,0,2,0,4,0,0,1,0,1
27,0,60,4.9,0,0,25,1,0,33,0,1,2,4,0,0,3
59,0,25,4.7,0,0,48,20,0,11,0,8,2,0,0,3,0
35,0,55,4.4,0,0,30,20,0,26,2,10,0,2,3,1,5
58,0,99,3.1,0,0,34,16,1,41,0,9,2,0,2,3,4
58,0,45,2.6,0,0,34,0,0,26,1,13,1,1,1,3,1
46,0,20,3.9,0,0,14,22,0,34,0,4,0,1,4,0,2
43,0,88,2.6,0,0,2,12,0,0,2,7,1,4,0,2,5
39,0,99,4.0,0,0,41,14,0,39,0,22,1,1,4,3,1
59,0,86,4.9,0,0,3,18,0,41,0,1,0,0,4,1,3
59,0,70,3.3,0,0,18,4,0,24,0,0,1,2,0,0,5
59,0,50,3.0,0,0,1,7,0,48,1,17,0,1,0,2,2
45,0,57,2.7,0,0,5,6,0,30,0,17,2,1,2,3,3
27,0,69,3.1,0,0,41,12,0,35,0,5,2,2,1,0,0
24,0,94,4.8,0,0,5,23,0,3,0,17,0,0,2,1,3
47,0,24,2.9,0,0,10,9,2,31,0,16,0,1,0,2,1
70,0,79,4.5,0,0,20,14,0,15,0,22,0,2,0,4,0
58,0,31,4.6,0,0,11,7,0,9,2,10,0,3,1,0,5
45,0,67,5.0,0,0,4,9,2,11,0,15,2,4,0,4,2
24,0,63,4.3,0,0,38,18,0,46,0,0,0,3,0,1,5
67,0,61,4.9,0,0,19,6,0,38,2,22,0,2,2,1,0
31,0,50,4.0,0,0,16,0,0,24,0,11,1,4,0,4,1
52,0,82,3.1,0,0,2,3,2,32,0,0,0,0,1,3,3
29,0,51,2.6,0,0,11,0,0,29,0,12,0,0,0,0,3
62,0,23,4.9,0,0,18,6,0,23,0,6,0,2,3,0,2
19,0,91,3.5,0,0,47,3,2,46,0,5,0,0,0,1,2
62,0,60,4.5,0,0,15,22,0,38,1,10,0,3,4,0,0
70,0,34,2.8,0,0,15,1,0,46,1,9,1,3,2,0,5
20,0,23,4.2,0,0,47,1,0,0,0,7,0,3,2,4,4
67,0,82,4.1,0,0,47,0,0,46,0,21,0,1,1,3,3
65,0,73,3.5,0,0,6,9,2,29,0,2,0,3,0,0,1
45,0,32,4.0,0,0,18,17,0,39,0,19,0,0,0,4,3
26,0,80,4.0,0,0,40,7,0,34,0,3,0,2,0,0,0
36,0,58,2.5,0,0,31,12,0,34,2,3,1,3,1,1,2
36,0,82,4.2,0,0,31,1,0,0,2,0,2,4,3,4,0
20,0,60,3.4,0,0,4,0,0,22,1,20,1,3,2,1,2
30,0,79,4.8,0,0,36,6,0,22,2,13,0,2,2,0,1
34,0,41,4.9,0,0,31,8,0,25,0,4,1,0,3,3,0
63,0,39,3.6,0,0,6,9,2,4,0,13,1,0,4,4,2
18,0,36,4.0,0,0,1,14,0,36,1,7,2,1,4,0,3
55,0,70,2.6,0,0,29,10,0,42,0,15,0,4,0,0,3
48,0,47,3.1,0,0,19,6,0,19,0,1,1,1,4,3,3
45,0,27,3.6,0,0,12,9,2,13,0,15,2,2,1,3,2
29,0,52,4.0,0,0,18,7,0,7,0,1,1,3,0,0,0
55,0,75,3.9,0,0,45,19,1,16,0,0,1,4,2,0,4
55,0,30,3.9,0,0,45,7,0,14,2,0,0,0,0,1,3
55,0,94,3.3,0,0,8,20,0,14,0,21,0,3,3,1,4
48,0,68,2.9,0,0,4,14,0,15,1,5,1,1,3,3,1
42,0,45,3.1,0,0,5,20,0,29,0,12,1,0,1,2,2
21,0,67,4.7,0,0,30,7,0,31,2,15,1,2,3,0,4
45,0,46,3.9,0,0,15,9,2,32,0,12,1,4,1,3,3
23,0,31,4.3,0,0,17,17,0,32,0,8,1,0,2,1,1
66,0,44,4.2,0,0,45,1,0,11,2,18,0,0,0,0,1
32,0,100,4.3,0,0,3,3,2,17,1,3,2,0,2,4,0
52,0,92,4.6,0,0,43,22,0,12,2,13,2,1,2,3,5
54,0,78,3.8,0,0,4,6,0,32,0,23,2,4,1,1,3
37,0,32,3.3,0,0,41,23,0,23,1,17,0,4,3,4,5
29,0,97,3.7,0,0,16,13,1,0,0,11,0,2,0,4,3
47,0,95,4.3,0,0,10,5,0,32,0,10,1,0,3,2,0
47,0,64,4.1,0,0,2,17,0,5,0,0,0,0,0,2,4
42,0,35,3.2,0,0,11,13,1,47,0,21,0,4,1,0,0
34,0,54,3.8,0,0,1,0,0,28,0,6,2,2,0,2,0
38,0,96,3.2,0,0,41,19,1,23,0,0,0,3,0,0,4
55,0,58,3.5,0,0,39,21,0,3,0,15,1,2,1,3,4
27,0,23,3.1,0,0,1,23,0,45,0,18,1,3,0,3,0
55,0,35,4.2,0,0,3,10,0,21,0,21,0,2,0,3,3
66,0,23,3.4,0,0,21,15,0,3,0,0,1,0,1,1,0
44,0,94,3.5,0,0,48,7,0,41,2,4,2,1,0,0,4
39,0,45,4.0,0,0,24,1,0,24,0,2,0,4,1,2,0
23,0,23,4.4,0,0,45,9,2,1,0,1,2,0,0,0,0
29,0,94,2.9,0,0,46,18,0,21,0,22,2,4,0,1,3
20,0,99,3.6,0,0,35,5,0,25,0,4,0,2,4,0,2
42,0,36,4.4,0,0,47,23,0,44,2,11,0,1,1,1,2
55,0,50,4.5,0,0,35,9,2,5,2,12,1,4,3,1,3
66,0,81,3.8,0,0,45,9,2,28,0,21,0,1,1,1,5
24,0,31,3.6,0,0,6,17,0,15,2,7,2,0,0,0,0
62,0,48,4.3,0,0,20,7,0,45,2,10,0,2,1,0,0
28,0,91,4.0,0,0,3,6,0,7,0,20,1,0,0,4,0
30,0,99,3.4,0,0,30,10,0,34,0,0,1,3,0,4,4
22,0,70,4.4,0,0,28,16,1,13,2,4,1,1,3,3,0
28,0,74,2.8,0,0,15,23,0,27,0,6,2,3,3,0,1
35,0,79,2.8,0,0,29,11,0,8,0,17,0,0,4,3,4
45,0,33,4.9,0,0,15,6,0,22,1,12,0,3,0,0,0
43,0,49,4.2,0,0,18,15,0,27,0,4,0,0,0,0,2
55,0,96,2.9,0,0,7,0,0,45,0,19,1,1,2,0,0
31,0,66,4.6,0,0,19,4,0,33,0,19,0,2,1,1,1
42,0,45,2.8,0,0,15,18,0,18,0,13,0,0,2,3,5
40,0,28,2.6,0,0,3,1,0,6,0,14,0,2,4,0,0
39,0,48,3.5,0,0,13,10,0,40,0,18,1,1,4,3,0
41,0,67,3.5,0,0,37,8,0,2,0,15,2,4,1,1,3
56,0,59,3.4,0,0,26,23,0,40,0,10,0,2,0,0,0
43,0,74,3.9,0,0,29,21,0,27,0,17,0,1,2,2,3
22,0,81,3.3,0,0,47,9,2,21,0,11,0,4,0,0,1
47,0,26,4.1,0,0,47,16,1,7,0,18,0,1,1,1,0
50,0,61,3.0,0,0,48,6,0,40,0,6,1,1,2,4,2
58,0,23,3.0,0,0,46,22,0,3,0,20,2,3,2,0,0
50,0,33,3.2,0,0,7,14,0,35,0,14,0,0,3,1,3
43,0,58,3.9,0,0,45,18,0,40,0,19,0,0,0,1,1
38,0,65,3.6,0,0,47,5,0,31,0,17,0,4,0,2,4
44,0,48,3.1,0,0,6,23,0,40,0,1,1,1,4,4,2
30,0,25,4.8,0,0,29,13,1,25,0,1,0,0,0,0,1
47,0,51,3.8,0,0,42,22,0,17,0,8,2,2,0,0,3
30,0,31,2.8,0,0,46,0,0,11,0,3,1,4,4,0,2
49,0,99,4.0,0,0,28,8,0,4,1,20,2,3,2,3,0
56,0,25,4.6,0,0,14,20,0,36,0,11,2,1,1,1,1
70,0,52,3.5,0,0,12,13,1,21,0,16,0,2,4,2,1
22,0,47,3.7,0,0,41,1,0,26,1,9,0,2,0,2,0
51,0,98,4.9,0,0,8,2,1,5,2,23,0,2,0,1,0
22,0,46,4.1,0,0,24,7,0,33,0,7,2,1,4,0,4
37,0,32,4.6,0,0,18,15,0,15,0,23,2,0,2,3,2
49,0,75,4.5,0,0,6,17,0,21,0,5,0,3,2,0,4
61,0,51,5.0,0,0,40,6,0,40,0,20,1,2,4,0,5
41,0,52,3.8,0,0,6,4,0,32,0,1,1,3,3,3,1
57,0,66,4.7,0,0,27,7,0,21,0,20,2,0,3,1,4
34,0,35,2.8,0,0,2,22,0,25,0,11,0,0,0,0,5
27,0,43,2.6,0,0,39,3,2,6,0,15,0,1,2,4,0
39,0,24,3.8,0,0,9,8,0,21,0,11,1,1,1,4,4
62,0,83,2.8,0,0,16,11,0,37,0,12,2,3,3,1,1
34,0,62,2.6,0,0,36,23,0,20,0,9,0,2,0,0,4
53,0,78,3.4,0,0,2,12,0,28,1,15,0,4,0,1,0
35,0,61,4.5,0,0,21,22,0,39,0,4,0,4,4,1,5
38,0,57,3.8,0,0,39,12,0,31,0,11,0,1,1,4,0
32,0,70,3.0,0,0,38,20,0,35,1,17,1,1,2,3,0
47,0,57,3.7,0,0,6,8,0,24,0,18,0,0,0,2,1
53,0,74,4.4,0,0,6,14,0,28,2,1,2,1,1,4,0
60,0,90,3.1,0,0,50,4,0,1,0,5,0,3,2,2,3
31,0,98,4.2,0,0,9,13,1,43,1,23,0,0,4,3,0
44,0,43,3.1,0,0,15,4,0,4,0,18,2,2,1,2,1
29,0,37,5.0,0,0,5,12,0,40,2,0,2,3,2,3,4
19,0,38,2.7,0,0,13,1,0,28,0,23,1,0,3,0,0
54,0,60,3.8,0,0,44,10,0,24,0,15,2,0,3,0,2
40,0,55,3.3,0,0,36,12,0,24,2,23,2,2,3,2,0
39,0,51,4.8,0,0,18,21,0,26,0,9,0,2,1,4,2
44,0,71,3.4,0,0,39,0,0,26,0,14,2,4,3,1,5
22,0,61,4.4,0,0,11,8,0,16,0,0,0,4,0,3,1
30,0,65,3.9,0,0,1,2,1,11,0,12,1,1,3,0,0
69,0,34,3.9,0,0,34,5,0,38,0,12,0,0,0,1,0
28,0,87,4.2,0,0,47,1,0,45,0,22,1,4,4,0,0
57,0,79,4.0,0,0,24,22,0,25,0,17,0,4,4,4,4
46,0,46,2.6,0,0,20,4,0,0,1,16,0,0,4,0,4
48,0,72,4.4,0,0,11,20,0,24,0,16,1,3,3,0,0
24,0,93,3.2,0,0,3,15,0,21,0,19,1,3,2,1,1
50,0,76,4.3,0,0,38,13,1,33,0,19,1,3,1,0,0
29,0,56,4.9,0,0,45,16,1,30,0,6,2,4,0,0,5
61,0,83,3.8,0,0,31,13,1,12,0,10,0,1,4,4,4
34,0,90,2.5,0,0,16,5,0,6,2,0,2,0,0,3,0
27,0,94,4.9,0,0,3,2,1,5,0,11,0,4,2,0,4
38,0,68,3.0,0,0,15,1,0,30,0,5,0,1,0,0,0
25,0,53,3.2,0,0,11,13,1,0,0,16,0,3,4,0,1
54,0,35,2.9,0,0,22,3,2,19,0,1,1,3,0,2,2
53,0,30,2.8,0,0,35,9,2,38,0,0,1,0,1,2,0
23,0,26,3.1,0,0,5,11,0,46,0,8,2,4,4,4,0
19,0,60,3.4,0,0,35,7,0,15,0,16,2,2,0,3,0
57,0,30,2.9,0,0,27,16,1,28,0,11,1,3,1,3,5
19,0,91,3.2,0,0,9,3,2,30,0,0,2,1,2,4,3
33,0,71,3.8,0,0,21,2,1,19,0,2,0,4,2,3,0
33,0,64,3.6,0,0,23,14,0,7,0,7,1,4,0,1,3
38,0,54,4.3,0,0,3,7,0,20,0,1,1,0,2,2,0
47,0,35,4.8,0,0,31,20,0,35,2,10,0,3,0,1,0
39,0,38,2.5,0,0,44,23,0,20,2,20,2,0,4,0,0
32,0,69,2.5,0,0,20,11,0,45,0,6,0,2,2,4,3
27,0,96,4.6,0,0,34,18,0,0,1,16,2,2,0,2,5
67,0,73,4.2,0,0,17,20,0,24,0,9,2,1,2,0,1
46,0,49,4.2,0,0,20,0,0,29,1,7,1,0,0,4,0
36,0,44,4.8,0,0,46,2,1,5,0,6,1,1,0,3,1
62,0,93,4.5,0,0,28,20,0,0,0,23,0,0,1,3,0
31,0,72,3.3,0,0,6,12,0,33,1,13,1,3,0,4,2
68,0,91,2.7,0,0,50,20,0,24,0,0,1,2,0,2,0
57,0,83,2.8,0,0,41,0,0,25,0,14,2,4,0,0,3
22,0,62,3.5,0,0,50,9,2,34,1,7,2,4,0,3,0
26,0,71,3.0,0,0,33,15,0,15,0,21,0,2,4,1,3
43,0,93,4.5,0,0,25,5,0,10,0,6,1,0,0,4,4
45,0,63,4.3,0,0,2,6,0,18,0,10,0,1,0,3,5
64,0,96,4.1,0,0,15,22,0,40,2,3,0,2,3,1,0
28,0,78,4.3,0,0,12,18,0,20,0,21,0,4,2,3,5
47,0,24,5.0,0,0,28,4,0,40,0,18,1,3,1,0,0
53,0,63,3.8,0,0,12,12,0,37,1,7,1,0,0,0,0
42,0,58,4.9,0,0,3,7,0,7,0,10,0,4,3,2,0
51,0,55,5.0,0,0,20,2,1,16,1,16,0,2,0,0,5
62,0,58,4.3,0,0,3,13,1,2,0,1,0,2,0,0,0
18,0,28,4.1,0,0,32,3,2,15,1,23,2,3,0,0,2
48,0,37,4.5,0,0,35,1,0,14,0,2,0,3,3,0,3
20,0,78,3.6,0,0,31,17,0,43,0,15,0,3,4,3,3
32,0,73,3.0,0,0,13,1,0,26,2,18,0,0,1,1,0
26,0,20,3.7,0,0,3,9,2,34,0,8,0,1,2,4,2
31,0,60,4.3,0,0,48,15,0,0,0,15,2,4,3,4,0
55,0,71,4.6,0,0,15,6,0,16,1,9,0,0,4,3,0
49,0,89,4.7,0,0,13,23,0,33,0,13,0,0,3,4,0
42,0,53,4.6,0,0,21,8,0,41,0,17,0,0,0,4,3
64,0,87,3.0,0,0,29,11,0,18,0,6,1,0,0,0,2
68,0,37,3.4,0,0,24,11,0,46,0,21,0,3,3,4,4
68,0,37,3.8,0,0,21,8,0,33,0,7,0,4,0,3,0
41,0,78,3.1,0,0,5,14,0,12,0,5,0,1,0,0,0
51,0,23,4.4,0,0,47,16,1,48,1,11,0,4,3,0,4
44,0,73,4.5,0,0,34,10,0,20,0,12,0,0,3,1,1
27,0,27,2.8,0,0,45,11,0,17,0,23,0,2,0,3,2
36,0,59,2.7,0,0,12,3,2,42,1,14,2,2,2,3,0
19,0,53,3.4,0,0,31,0,0,13,0,5,0,0,3,2,5
49,0,42,4.6,0,0,43,20,0,18,1,16,1,2,3,0,0
18,0,45,5.0,0,0,5,14,0,41,0,3,0,0,2,1,0
36,0,89,3.5,0,0,36,21,0,33,1,8,2,1,3,2,4
36,0,85,3.3,0,0,12,20,0,32,0,10,0,0,4,0,0
19,0,69,4.5,0,0,31,3,2,46,1,12,1,0,1,0,0
43,0,66,3.1,0,0,31,13,1,31,1,1,0,0,4,0,0
31,0,42,4.0,0,0,15,1,0,8,1,22,1,0,1,2,5
63,0,40,2.5,0,0,11,4,0,14,0,4,0,1,0,0,5
41,0,82,4.4,0,0,18,12,0,17,0,4,2,3,4,4,3
48,0,88,4.4,0,0,9,19,1,38,0,13,0,2,0,0,4
68,0,99,3.2,0,0,11,2,1,38,2,13,1,1,1,0,5
53,0,85,3.8,0,0,38,6,0,15,1,19,0,3,4,2,0
36,0,57,4.6,0,0,42,6,0,1,0,10,0,3,4,3,4
46,0,56,4.9,0,0,41,22,0,30,1,13,1,3,3,0,3
21,0,79,3.5,0,0,45,13,1,27,0,14,2,0,1,3,3
52,0,67,3.4,0,0,41,20,0,33,1,11,1,1,4,2,0
66,0,61,3.9,0,0,35,5,0,9,0,5,2,4,2,2,5
19,0,37,3.9,0,0,21,8,0,41,0,22,2,4,0,1,1
44,0,75,4.2,0,0,13,4,0,11,0,6,0,2,1,1,0
50,0,21,3.4,0,0,23,15,0,19,2,2,2,2,3,2,2
51,0,89,4.9,0,0,6,17,0,31,0,3,2,2,3,3,5
25,0,24,2.9,0,0,39,13,1,46,0,0,0,2,4,0,0
62,0,27,4.9,0,0,7,22,0,6,2,19,0,0,4,0,4
48,0,26,4.6,0,0,32,4,0,10,0,0,1,0,0,3,1
62,0,82,3.6,0,0,43,2,1,35,0,21,0,4,4,1,4
22,0,28,4.3,0,0,15,12,0,17,0,13,2,0,0,0,3
48,0,65,4.6,0,0,48,5,0,39,0,20,0,3,3,0,0
48,0,82,4.7,0,0,35,12,0,29,2,0,2,0,4,1,5
62,0,38,3.5,0,0,41,14,0,45,0,18,2,1,1,3,4
24,0,33,2.8,0,0,14,17,0,8,2,6,0,2,1,0,5
39,0,38,4.0,0,0,22,16,1,10,0,15,1,0,1,3,3
35,0,48,4.3,0,0,16,6,0,4,0,17,0,3,4,4,1
47,0,35,3.8,0,0,2,13,1,15,0,9,1,3,3,0,0
22,0,29,3.0,0,0,13,20,0,28,0,8,0,0,2,3,1
38,0,48,4.6,0,0,38,15,0,35,1,18,0,1,2,2,2
53,0,87,4.8,0,0,43,16,1,25,0,18,0,0,3,0,5
31,0,62,4.7,0,0,26,0,0,19,0,7,0,0,2,0,4
31,0,96,3.9,0,0,39,15,0,25,0,15,0,0,1,0,5
65,0,41,4.0,0,0,50,6,0,9,1,21,0,0,2,4,3
48,0,42,3.7,0,0,40,11,0,12,0,17,2,0,0,0,1
18,0,57,3.7,0,0,12,15,0,11,0,12,2,4,0,0,2
46,0,65,4.2,0,0,33,6,0,4,1,16,0,0,4,1,1
52,0,54,4.7,0,0,49,12,0,36,0,6,0,4,3,0,5
50,0,22,4.3,0,0,43,23,0,33,0,2,2,0,2,4,0
49,0,96,4.9,0,0,14,19,1,36,1,13,0,1,0,4,3
69,0,81,3.9,0,0,21,11,0,22,0,1,1,4,0,1,1
36,0,46,3.4,0,0,31,15,0,15,0,22,0,0,1,2,4
30,0,74,4.2,0,0,29,1,0,0,2,3,0,0,4,1,2
25,0,50,4.7,0,0,32,19,1,8,2,6,2,4,0,0,3
19,0,80,4.0,0,0,16,4,0,39,2,3,2,3,2,2,0
34,0,56,4.0,0,0,38,2,1,38,1,22,1,4,1,3,0
29,0,69,3.1,0,0,34,18,0,40,0,13,2,2,2,2,1
50,0,97,4.2,0,0,30,15,0,4,0,0,0,0,3,3,4
31,0,66,3.7,0,0,14,17,0,47,0,22,2,1,2,0,2
41,0,70,3.1,0,0,33,7,0,8,1,2,0,3,0,0,3
52,0,50,3.7,0,0,35,16,1,18,0,15,2,1,4,4,5
27,0,85,3.2,0,0,13,12,0,28,0,23,0,0,4,0,4
49,0,59,2.8,0,0,30,0,0,26,0,4,1,3,3,0,2
69,0,74,2.9,0,0,30,12,0,20,0,18,1,1,1,1,3
45,0,38,3.5,0,0,47,21,0,48,0,12,2,3,3,0,0
20,0,99,3.8,0,0,1,22,0,19,0,12,0,3,0,3,1
25,0,97,4.7,0,0,1,1,0,45,1,3,0,0,1,0,5
38,0,67,4.5,0,0,33,14,0,17,0,6,1,0,1,3,0
55,0,20,3.9,0,0,43,23,0,24,1,11,2,1,2,0,5
62,0,45,3.4,0,0,37,21,0,34,0,0,0,0,0,3,5
54,0,52,4.6,0,0,23,16,1,32,2,21,2,1,0,0,4
61,0,68,4.6,0,0,12,12,0,5,0,8,0,1,3,1,0
50,0,98,4.7,0,0,30,19,1,41,0,23,0,4,3,4,2
65,0,83,3.2,0,0,7,16,1,6,0,6,0,4,0,0,5
68,0,51,5.0,0,0,20,17,0,22,0,17,1,0,0,2,3
55,0,21,4.5,0,0,10,6,0,21,0,14,0,4,0,4,3
57,0,92,3.5,0,0,40,6,0,8,0,6,0,4,3,1,1
56,0,63,4.5,0,0,21,16,1,13,1,22,0,4,4,4,3
29,0,56,3.2,0,0,17,11,0,30,1,7,0,4,0,1,0
24,0,95,4.6,0,0,5,17,0,26,0,10,0,0,1,0,5
59,0,66,4.0,0,0,22,1,0,44,0,12,2,0,2,3,0
62,0,28,4.2,0,0,5,3,2,10,1,12,0,0,0,4,5
58,0,83,4.1,0,0,18,7,0,4,0,1,2,1,3,3,1
64,0,55,3.6,0,0,42,20,0,47,2,3,0,3,0,0,1
48,0,28,3.7,0,0,22,13,1,5,0,23,0,4,0,2,0
60,0,79,3.6,0,0,37,14,0,14,0,21,1,0,1,0,0
52,0,31,3.8,0,0,23,14,0,36,0,10,1,2,3,1,0
63,0,37,3.0,0,0,47,1,0,42,0,17,0,4,3,2,2
44,0,34,3.4,0,0,11,23,0,35,0,4,1,1,0,0,2
63,0,74,4.8,0,0,32,16,1,46,1,13,2,4,3,0,5
66,0,31,2.6,0,0,20,5,0,24,0,0,0,1,4,4,5
22,0,66,2.9,0,0,3,21,0,15,0,1,2,1,2,3,4
62,0,99,4.9,0,0,32,16,1,21,0,3,0,0,1,0,5
39,0,55,5.0,0,0,5,4,0,16,0,8,0,0,1,1,2
25,0,23,4.6,0,0,45,1,0,6,0,18,0,3,2,0,4
70,0,88,4.2,0,0,43,22,0,1,0,2,0,0,0,0,0
52,0,26,4.9,0,0,1,9,2,26,0,14,1,3,2,3,1
68,0,94,4.8,0,0,9,0,0,0,0,10,1,1,3,4,4
18,0,25,3.0,0,0,13,17,0,42,0,0,0,2,2,4,1
18,0,96,3.5,0,0,5,20,0,14,2,21,0,0,0,1,0
63,0,29,3.4,0,0,39,19,1,31,0,0,0,0,3,1,2
47,0,36,3.4,0,0,7,19,1,18,0,4,2,3,1,0,5
43,0,90,4.9,0,0,8,1,0,17,0,7,1,1,3,1,1
60,0,38,4.4,0,0,40,5,0,11,1,2,1,3,1,4,0
49,0,52,4.2,0,0,35,6,0,36,1,6,0,0,4,3,3
28,0,88,3.1,0,0,14,10,0,0,1,13,0,1,2,4,3
32,0,56,4.0,0,0,26,14,0,29,1,18,1,4,2,1,3
29,0,71,4.8,0,0,14,13,1,2,0,16,0,0,2,3,4
35,0,94,3.3,0,0,9,13,1,0,0,12,0,1,0,0,2
23,0,97,4.7,0,0,32,4,0,16,2,19,2,3,3,2,0
70,0,27,3.2,0,0,15,18,0,32,0,22,1,0,3,0,1
23,0,28,5.0,0,0,25,17,0,37,0,0,0,0,3,1,3
43,0,67,4.9,0,0,27,10,0,5,0,11,0,0,1,3,3
29,0,70,4.9,0,0,39,20,0,30,0,4,0,0,0,0,4
61,0,95,3.7,0,0,49,3,2,15,0,21,0,0,0,4,0
29,0,24,3.0,0,0,12,2,1,17,0,23,0,0,0,4,0
66,0,35,2.6,0,0,13,0,0,23,1,23,2,3,3,0,5
46,0,22,2.6,0,0,22,16,1,8,0,12,2,1,3,0,4
34,0,66,4.8,0,0,19,14,0,1,0,12,0,0,3,1,1
51,0,83,3.2,0,0,3,1,0,27,0,10,1,0,0,0,0
26,0,95,4.9,0,0,50,4,0,8,0,13,0,4,2,1,5
23,0,41,3.4,0,0,15,17,0,3,1,0,1,0,0,3,0
52,0,77,2.7,0,0,44,1,0,1,0,2,1,2,4,1,1
39,0,52,4.8,0,0,48,19,1,7,0,8,0,2,0,2,3
39,0,41,4.1,0,0,4,5,0,30,2,6,2,0,3,4,0
33,0,28,4.6,0,0,12,8,0,10,0,23,2,3,4,3,0
33,0,90,4.4,0,0,33,22,0,44,1,21,1,2,3,2,0
23,0,55,3.5,0,0,40,21,0,20,0,10,0,0,0,0,0
31,0,73,4.8,0,0,38,0,0,27,0,1,0,0,2,0,1
27,0,87,2.9,0,0,19,4,0,39,0,6,0,3,0,4,1
48,0,89,3.2,0,0,38,9,2,39,0,5,2,0,0,0,4
61,0,82,4.4,0,0,18,2,1,28,0,9,0,0,0,4,2
63,0,80,4.6,0,0,24,13,1,48,0,0,0,0,2,3,3
19,0,87,2.6,0,0,29,14,0,0,0,3,1,3,0,4,4
21,0,41,3.1,0,0,14,1,0,39,0,21,0,0,4,3,0
28,0,83,4.3,0,0,44,8,0,38,0,3,0,0,3,0,2
29,0,71,3.1,0,0,18,21,0,29,0,11,1,0,3,0,4
23,0,76,4.6,0,0,19,8,0,5,2,16,0,0,4,0,0
37,0,34,4.6,0,0,4,14,0,14,1,14,0,0,0,0,5
67,0,81,2.7,0,0,25,4,0,38,2,12,0,3,1,0,0
34,0,47,3.0,0,0,3,23,0,31,0,8,1,2,2,3,3
58,0,36,3.3,0,0,40,18,0,48,1,10,1,0,4,2,4
45,0,51,2.7,0,0,5,10,0,16,0,5,0,2,1,0,5
63,0,86,3.3,0,0,17,8,0,16,0,13,0,0,3,2,0
68,0,41,4.3,0,0,36,10,0,0,0,5,0,4,4,0,1
41,0,90,4.8,0,0,41,13,1,21,2,16,0,0,0,4,0
50,0,93,3.3,0,0,20,7,0,29,0,3,0,2,3,4,0
24,0,56,4.3,0,0,2,5,0,40,0,4,0,0,2,0,1
21,0,39,3.0,0,0,31,20,0,29,0,4,1,2,0,2,3
18,0,86,4.8,0,0,23,9,2,41,2,7,0,1,0,0,2
63,0,82,2.9,0,0,30,23,0,45,0,18,0,3,3,1,0
47,0,29,3.6,0,0,26,13,1,20,0,19,1,1,3,0,1
58,0,27,3.5,0,0,40,7,0,21,0,10,0,0,4,4,0
46,0,25,4.7,0,0,19,5,0,6,0,11,0,0,0,0,0
35,0,31,4.4,0,0,4,4,0,3,0,5,2,0,1,1,3
42,0,23,3.3,0,0,33,8,0,47,0,16,2,0,4,2,2
48,0,47,4.3,0,0,29,0,0,15,0,9,0,2,0,2,3
28,0,67,4.0,0,0,47,5,0,26,0,11,0,4,0,3,0
44,0,75,4.9,0,0,50,14,0,31,1,10,2,0,0,4,5
60,0,82,2.9,0,0,28,13,1,16,0,20,1,1,0,1,2
38,0,32,4.0,0,0,5,19,1,28,2,18,1,4,0,0,2
46,0,41,4.3,0,0,12,4,0,47,0,16,0,0,4,1,0
39,0,89,2.7,0,0,4,11,0,2,0,21,2,4,0,3,5
22,0,82,5.0,0,0,22,7,0,41,2,14,0,3,4,0,0
44,0,99,4.4,0,0,32,14,0,11,0,7,2,2,0,3,5
69,0,98,3.5,0,0,32,1,0,22,0,19,0,0,0,4,4
39,0,54,3.3,0,0,48,0,0,6,0,18,2,1,2,0,1
53,0,88,3.8,0,0,35,1,0,8,0,16,1,0,1,1,3
52,0,43,4.5,0,0,44,23,0,14,0,9,1,1,3,2,2
65,0,73,4.8,0,0,29,7,0,34,0,9,2,1,4,0,5
48,0,50,2.9,0,0,26,7,0,28,0,14,0,2,4,1,3
27,0,73,3.2,0,0,3,19,1,42,0,7,0,3,0,2,4
39,0,51,2.8,0,0,1,5,0,24,0,13,0,4,1,0,0
59,0,22,3.3,0,0,17,20,0,33,0,15,2,0,3,3,0
52,0,32,3.3,0,0,17,13,1,4,0,4,0,0,1,1,2
50,0,38,4.2,0,0,36,13,1,3,0,9,1,3,0,0,5
32,0,66,3.6,0,0,32,2,1,42,0,23,2,3,0,1,2
40,0,20,4.6,0,0,50,0,0,14,0,12,0,1,0,3,0
26,0,44,3.6,0,0,39,3,2,11,0,2,1,4,0,4,0
47,0,31,4.0,0,0,17,21,0,21,0,15,0,1,2,3,3
51,0,45,2.7,0,0,39,9,2,30,0,4,0,2,1,0,1
47,0,71,4.4,0,0,5,4,0,1,0,11,1,1,4,3,0
53,0,96,3.2,0,0,47,14,0,40,2,10,0,0,3,2,0
35,0,32,2.6,0,0,18,1,0,2,0,21,2,0,2,4,5
38,0,90,3.4,0,0,31,0,0,4,0,18,1,1,1,1,1
69,0,68,5.0,0,0,39,11,0,26,0,11,0,1,0,2,2
47,0,45,2.9,0,0,12,17,0,14,0,6,2,0,4,0,5
31,0,67,5.0,0,0,45,18,0,30,0,22,2,0,1,0,0
68,0,57,4.4,0,0,33,18,0,21,0,2,0,2,3,1,2
51,0,60,3.5,0,0,3,10,0,33,0,18,1,0,0,3,0
20,0,32,3.8,0,0,5,6,0,1,0,23,0,0,0,4,1
27,0,29,3.8,0,0,23,6,0,15,1,10,0,4,4,2,3
67,0,20,3.9,0,0,39,3,2,21,0,1,0,2,2,1,2
21,0,98,3.3,0,0,10,11,0,2,0,7,2,2,2,1,0
20,0,27,2.9,0,0,4,22,0,48,0,23,0,4,2,1,0
35,0,67,3.7,0,0,18,9,2,32,2,4,0,2,0,1,3
58,0,82,3.7,0,0,1,16,1,0,0,5,2,0,0,2,1
28,0,72,4.6,0,0,18,23,0,22,0,10,0,0,3,3,2
27,0,77,4.9,0,0,46,13,1,11,1,6,0,0,4,0,0
19,0,74,3.1,0,0,13,16,1,2,0,8,2,4,0,0,2
63,0,39,3.5,0,0,5,13,1,14,1,22,2,0,2,1,2
69,0,80,4.9,0,0,11,17,0,37,0,8,0,4,2,2,5
65,0,59,4.4,0,0,49,0,0,7,0,7,1,0,0,1,5
63,0,68,4.4,0,0,1,9,2,23,0,20,0,0,4,2,2
28,0,77,3.4,0,0,11,20,0,31,0,14,0,1,2,1,4
67,0,50,3.0,0,0,47,11,0,0,0,12,2,1,0,0,1
51,0,45,2.6,0,0,20,12,0,45,0,4,0,1,2,4,3
59,0,71,3.2,0,0,18,1,0,20,2,10,1,3,4,4,0
25,0,52,4.6,0,0,43,20,0,45,1,18,0,1,4,3,4
31,0,50,3.8,0,0,4,16,1,43,1,22,2,0,1,3,1
62,0,66,4.8,0,0,20,6,0,11,0,15,1,0,0,4,4
51,0,81,4.5,0,0,7,13,1,30,1,15,0,4,1,3,3
32,0,28,4.2,0,0,31,20,0,37,0,15,1,2,0,0,2
35,0,65,2.7,0,0,41,6,0,45,0,1,2,4,0,4,2
70,0,80,4.5,0,0,3,7,0,44,0,22,2,0,0,0,3
19,0,94,4.9,0,0,16,11,0,47,1,19,0,3,1,3,3
32,0,30,2.8,0,0,43,0,0,20,0,6,0,0,3,0,0
56,0,45,3.5,0,0,29,15,0,41,1,0,0,2,3,0,2
53,0,91,2.5,0,0,5,3,2,10,0,21,1,3,4,0,0
22,0,36,2.9,0,0,30,21,0,13,1,1,2,4,3,2,4
26,0,73,4.2,0,0,33,5,0,5,2,10,0,3,2,2,3
42,0,60,4.6,0,0,46,15,0,48,0,11,0,4,4,4,0
30,0,77,3.0,0,0,17,20,0,22,0,16,2,0,1,4,2
29,0,86,4.4,0,0,47,18,0,36,0,3,0,3,1,1,0
47,0,42,2.6,0,0,17,17,0,40,0,17,1,3,3,0,0
59,0,70,4.8,0,0,17,13,1,16,0,3,0,3,1,0,0
34,0,44,2.9,0,0,28,15,0,2,0,9,1,3,2,0,1
52,0,91,3.0,0,0,8,21,0,46,0,22,0,4,2,0,3
47,0,30,4.5,0,0,8,11,0,38,0,17,0,0,3,0,4
24,0,23,3.7,0,0,4,1,0,14,1,21,0,4,4,0,0
63,0,21,4.8,0,0,24,13,1,20,2,13,1,1,2,3,5
59,0,34,4.8,0,0,29,3,2,0,0,20,0,4,1,0,2
66,0,46,4.7,0,0,10,1,0,39,0,21,1,2,0,4,5
45,0,41,2.6,0,0,11,22,0,37,0,1,2,4,0,3,0
38,0,33,4.6,0,0,18,18,0,7,0,22,0,0,3,0,2
63,0,48,3.4,0,0,26,1,0,5,0,20,0,4,2,0,0
55,0,66,3.0,0,0,39,8,0,36,0,15,2,3,3,0,5
25,0,54,4.0,0,0,4,18,0,3,2,11,0,1,0,4,0
51,0,55,2.6,0,0,24,0,0,34,0,12,0,0,4,0,5
28,0,84,3.4,0,0,2,6,0,32,2,3,1,1,4,0,1
46,0,66,4.5,0,0,36,13,1,29,0,3,0,0,4,0,0
58,0,65,2.7,0,0,36,16,1,38,0,8,0,3,4,4,5
30,0,83,2.9,0,0,23,13,1,20,1,19,0,0,3,3,1
68,0,61,4.0,0,0,36,21,0,23,0,0,2,3,4,1,4
28,0,65,3.2,0,0,2,18,0,4,0,19,1,3,1,2,0
26,0,55,4.0,0,0,17,13,1,14,0,7,0,1,4,0,0
35,0,79,3.4,0,0,19,5,0,11,0,5,0,0,0,4,5
40,0,96,4.9,0,0,41,8,0,38,0,17,0,0,0,3,3
31,0,43,3.6,0,0,27,20,0,42,0,18,0,2,1,3,4
60,0,40,3.6,0,0,32,11,0,9,0,23,1,3,0,0,2
69,0,62,3.2,0,0,33,7,0,41,2,14,0,0,1,0,0
51,0,72,3.7,0,0,24,1,0,35,0,20,0,4,0,3,4
49,0,87,2.6,0,0,31,16,1,1,0,14,0,0,0,2,1
18,0,31,3.9,0,0,35,7,0,30,1,14,2,0,0,1,5
63,0,34,3.4,0,0,2,21,0,25,1,13,0,1,1,0,3
57,0,53,3.4,0,0,42,15,0,43,0,3,0,0,2,2,1
45,0,85,4.2,0,0,47,23,0,18,2,22,1,4,0,0,1
36,0,50,2.9,0,0,44,12,0,40,0,20,0,1,3,0,0
20,0,91,4.1,0,0,8,12,0,36,0,17,1,0,1,0,1
21,0,56,3.6,0,0,13,7,0,38,0,14,0,2,1,1,4
62,0,60,4.0,0,0,10,3,2,5,0,15,0,1,2,0,0
23,0,34,4.0,0,0,1,9,2,15,2,23,0,3,3,1,2
26,0,30,3.6,0,0,1,13,1,37,0,0,0,4,1,2,3
30,0,71,3.1,0,0,18,5,0,4,0,7,2,3,0,0,0
18,0,100,4.4,0,0,2,4,0,34,1,20,2,0,2,3,0
47,0,85,4.3,0,0,36,0,0,10,2,13,0,2,2,2,1
41,0,83,3.5,0,0,17,20,0,17,0,5,1,1,2,2,0
62,0,31,3.0,0,0,1,9,2,43,0,17,2,1,3,2,0
28,0,82,4.7,0,0,50,2,1,37,0,19,0,0,0,0,4
46,0,79,2.5,0,0,3,15,0,7,0,19,1,0,0,1,0
54,0,62,3.1,0,0,45,7,0,46,0,9,0,1,0,3,4
36,0,92,3.3,0,0,28,16,1,12,0,15,0,3,1,3,0
25,0,58,4.7,0,0,6,20,0,11,0,11,0,0,2,2,1
38,0,88,3.4,0,0,33,8,0,3,0,0,0,4,2,2,1
38,0,44,3.1,0,0,29,13,1,19,0,13,0,0,0,3,0
42,0,56,4.6,0,0,2,10,0,10,0,17,0,0,4,3,1
19,0,23,4.9,0,0,43,11,0,15,1,11,2,2,1,3,0
34,0,45,2.7,0,0,48,17,0,6,0,2,0,1,1,0,2
38,0,31,4.2,0,0,43,21,0,10,0,12,0,0,1,1,5
42,0,96,2.6,0,0,26,12,0,44,0,18,1,0,4,2,0
58,0,96,3.2,0,0,26,15,0,1,0,16,0,4,0,2,0
56,0,80,4.4,0,0,50,15,0,18,0,6,0,2,3,1,0
62,0,28,3.6,0,0,36,12,0,10,0,4,0,1,1,2,4
24,0,51,2.7,0,0,26,8,0,28,0,6,1,4,2,0,2
60,0,41,4.3,0,0,2,20,0,45,0,5,0,0,0,2,3
53,0,99,2.6,0,0,49,3,2,10,2,4,1,2,2,3,3
26,0,53,4.3,0,0,32,22,0,37,0,12,0,1,4,0,0
34,0,25,3.9,0,0,3,0,0,6,0,21,0,3,0,4,0
24,0,95,2.9,0,0,38,1,0,0,0,23,2,2,0,4,1
42,0,88,3.1,0,0,5,8,0,1,0,5,0,2,1,3,3
36,0,97,4.2,0,0,8,11,0,0,1,18,0,0,1,1,1
24,0,81,4.1,0,0,43,3,2,45,0,15,2,2,0,4,5
39,0,26,4.2,0,0,22,21,0,16,1,20,2,0,2,0,2
46,0,41,4.4,0,0,10,16,1,25,0,20,1,3,0,0,1
64,0,93,3.4,0,0,26,18,0,36,0,14,0,0,1,1,3
64,0,69,4.8,0,0,42,18,0,38,0,19,0,1,0,2,0
61,0,44,4.5,0,0,33,18,0,3,0,17,0,2,0,0,5
61,0,54,2.7,0,0,23,13,1,12,1,0,0,0,4,0,4
44,0,61,3.5,0,0,30,19,1,23,0,15,0,1,4,4,4
65,0,80,3.1,0,0,36,20,0,5,0,14,0,3,2,3,5
60,0,30,2.8,0,0,3,0,0,26,0,7,1,4,2,4,1
65,0,94,2.9,0,0,13,17,0,30,0,7,0,4,4,3,0
27,0,24,4.5,0,0,38,15,0,34,2,17,2,3,3,0,1
36,0,21,3.5,0,0,19,20,0,39,0,11,0,3,2,4,3
22,0,52,4.3,0,0,14,11,0,23,0,7,1,0,3,0,0
62,0,59,4.9,0,0,43,6,0,41,0,0,0,0,2,2,0
59,0,51,3.1,0,0,10,17,0,30,2,0,1,4,1,0,2
50,0,35,4.0,0,0,34,22,0,43,0,23,2,3,1,0,4
51,0,87,3.6,0,0,31,5,0,1,0,7,1,0,3,4,0
23,0,42,4.0,0,0,34,12,0,24,0,0,1,1,4,0,5
21,0,86,2.6,0,0,28,23,0,34,0,17,2,0,0,4,0
44,0,26,3.1,0,0,35,12,0,27,0,23,0,0,2,0,0
25,0,60,3.5,0,0,41,22,0,47,0,21,1,0,4,0,4
57,0,83,3.9,0,0,48,5,0,0,1,4,2,4,3,3,2
41,0,63,2.7,0,0,45,0,0,39,1,15,0,2,0,0,4
19,0,25,4.1,0,0,10,19,1,0,0,12,0,2,3,1,2
43,0,65,4.3,0,0,9,17,0,42,0,11,0,2,0,0,5
25,0,60,2.9,0,0,30,19,1,39,0,4,0,3,1,2,0
60,0,75,4.0,0,0,45,10,0,3,2,9,0,4,0,3,0
54,0,57,4.1,0,0,41,19,1,22,0,23,0,0,1,4,4
52,0,99,3.7,0,0,40,2,1,40,0,15,2,4,3,3,2
40,0,45,2.8,0,0,42,9,2,0,0,13,0,0,1,3,2
39,0,66,3.2,0,0,17,5,0,17,2,13,1,0,1,2,2
54,0,53,4.5,0,0,4,20,0,44,0,21,2,0,2,4,0
64,0,94,3.8,0,0,6,10,0,27,0,9,2,2,3,0,3
31,0,47,3.6,0,0,22,2,1,40,0,23,0,4,0,4,5
37,0,80,3.6,0,0,46,1,0,30,0,15,0,3,0,3,1
43,0,65,3.2,0,0,27,7,0,14,2,19,0,0,2,2,3
56,0,75,3.8,0,0,18,15,0,32,0,10,1,2,0,0,1
27,0,45,4.4,0,0,31,6,0,0,2,0,1,4,3,1,5
40,0,51,3.7,0,0,1,21,0,41,0,6,0,1,4,4,5
43,0,58,2.6,0,0,2,14,0,19,1,20,1,1,0,3,2
62,0,20,4.0,0,0,46,21,0,6,0,15,0,0,3,0,0
44,0,82,3.6,0,0,27,14,0,39,0,21,1,2,0,4,5
45,0,92,2.5,0,0,3,5,0,2,0,3,0,0,0,0,5
40,0,81,3.2,0,0,47,17,0,42,0,9,0,1,1,0,4
68,0,44,2.5,0,0,20,21,0,3,0,6,1,4,2,0,4
63,0,72,3.2,0,0,23,11,0,37,1,2,2,1,2,1,0
60,0,26,2.6,0,0,13,9,2,34,0,21,2,3,4,1,3
19,0,26,4.8,0,0,12,22,0,43,0,20,0,4,2,4,0
26,0,84,5.0,0,0,36,1,0,15,0,14,0,3,4,3,2
70,0,72,3.2,0,0,1,14,0,11,1,20,0,0,0,0,3
48,0,55,3.6,0,0,14,6,0,5,0,21,0,1,3,2,5
37,0,77,2.7,0,0,45,7,0,7,0,12,0,4,0,0,0
48,0,57,3.1,0,0,31,14,0,28,0,7,0,2,3,1,4
18,0,71,3.0,0,0,41,2,1,23,0,19,0,0,3,3,5
38,0,39,2.9,0,0,36,1,0,20,0,14,0,3,2,3,0
33,0,28,4.7,0,0,6,20,0,45,0,15,2,4,0,2,0
57,0,33,3.7,0,0,28,16,1,30,1,11,2,0,3,1,0
46,0,79,3.9,0,0,29,18,0,47,0,14,0,2,1,4,3
46,0,30,4.0,0,0,14,0,0,10,0,11,2,4,3,0,3
50,0,75,2.8,0,0,7,18,0,20,0,15,0,3,2,0,1
61,0,89,4.1,0,0,31,12,0,8,0,13,1,1,0,4,0
45,0,95,4.2,0,0,26,4,0,20,0,13,2,1,1,0,1
32,0,44,4.3,0,0,12,7,0,17,0,2,0,4,0,4,2
29,0,86,4.3,0,0,45,3,2,18,1,18,1,2,4,1,2
66,0,91,2.6,0,0,40,14,0,23,0,10,0,2,0,3,0
70,0,41,3.8,0,0,42,19,1,35,2,8,2,1,1,0,3
36,0,99,2.9,0,0,45,12,0,2,1,5,0,3,0,0,4
34,0,65,5.0,0,0,34,0,0,27,0,16,2,1,3,2,4
20,0,48,4.6,0,0,34,19,1,35,0,5,1,3,1,1,1
70,0,41,3.2,0,0,17,7,0,14,1,5,0,0,1,3,1
50,0,42,3.0,0,0,27,15,0,3,0,5,1,0,3,0,5
54,0,26,4.0,0,0,31,17,0,8,0,12,1,1,1,1,4
49,0,35,4.1,0,0,47,17,0,9,0,7,0,0,0,2,2
50,0,31,4.0,0,0,25,9,2,24,0,6,1,0,0,0,0
62,0,73,4.1,0,0,47,11,0,24,0,17,1,0,3,0,2
42,0,82,3.4,0,0,8,1,0,22,0,3,0,4,1,0,5
69,0,32,2.9,0,0,32,12,0,45,0,8,0,1,1,2,2
22,0,27,3.0,0,0,33,7,0,36,0,8,1,3,0,0,1
36,0,86,4.0,0,0,16,0,0,26,0,18,0,4,2,2,1
64,0,38,4.8,0,0,27,2,1,14,2,16,2,3,0,0,5
44,0,93,4.6,0,0,17,9,2,1,0,6,1,0,1,3,1
43,0,59,4.1,0,0,17,8,0,40,0,10,2,2,0,0,4
58,0,58,2.6,0,0,28,13,1,36,0,18,2,1,0,3,0
62,0,84,2.5,0,0,38,18,0,0,0,21,0,4,1,3,2
45,0,100,4.8,0,0,33,8,0,29,0,7,0,2,1,0,2
47,0,25,4.2,0,0,24,4,0,37,0,7,1,0,0,4,1
66,0,29,3.9,0,0,14,13,1,5,0,14,0,3,1,4,4
30,0,42,3.7,0,0,5,10,0,10,0,20,0,2,0,4,2
68,0,57,4.2,0,0,8,10,0,22,0,15,0,0,0,0,3
35,0,84,4.2,0,0,42,9,2,4,0,9,2,0,2,2,3
64,0,71,4.0,0,0,48,7,0,8,0,18,2,4,1,4,1
30,0,87,5.0,0,0,40,17,0,24,1,4,0,1,2,4,4
58,0,52,4.9,0,0,46,22,0,3,0,7,2,4,3,4,0
57,0,58,4.0,0,0,40,1,0,36,0,13,1,1,0,3,1
60,0,34,3.2,0,0,31,22,0,6,1,1,0,1,0,3,2
22,0,60,3.0,0,0,39,11,0,27,0,10,2,0,2,0,1
46,0,68,2.6,0,0,36,8,0,7,1,4,2,4,0,3,2
27,0,74,4.4,0,0,25,11,0,22,0,8,1,1,0,2,1
50,0,83,3.9,0,0,24,14,0,24,0,15,1,1,1,2,0
65,0,79,4.0,0,0,19,7,0,22,0,14,0,1,0,3,5
61,0,76,4.0,0,0,49,21,0,40,0,9,0,0,4,2,0
57,0,20,4.2,0,0,4,23,0,7,0,0,0,4,1,4,0
40,0,61,4.4,0,0,36,15,0,11,2,9,1,2,2,0,4
39,0,78,2.5,0,0,8,13,1,44,1,2,1,3,1,2,4
42,0,21,3.1,0,0,29,7,0,41,1,23,1,2,4,1,1
30,0,77,3.5,0,0,26,23,0,23,0,12,2,3,4,1,4
65,0,88,3.0,0,0,47,17,0,22,1,1,0,1,0,0,0
57,0,64,4.4,0,0,44,21,0,36,0,20,1,1,2,0,0
64,0,57,4.9,0,0,49,9,2,48,0,23,0,4,3,1,3
56,0,49,2.8,0,0,9,15,0,10,0,20,2,3,2,4,3
40,0,35,3.3,0,0,28,14,0,27,0,13,1,4,1,0,2
55,0,99,4.9,0,0,1,23,0,48,1,1,2,0,0,2,2
25,0,42,4.2,0,0,28,17,0,25,0,12,0,0,4,0,1
58,0,32,3.3,0,0,33,7,0,0,0,0,2,4,0,1,2
46,0,21,2.7,0,0,28,9,2,18,0,9,1,0,3,1,3
18,0,29,3.3,0,0,9,4,0,18,2,10,2,3,0,0,0
26,0,64,3.8,0,0,28,3,2,1,0,4,0,0,1,0,0
61,0,46,3.2,0,0,19,13,1,33,0,9,0,0,2,0,1
55,0,97,4.1,0,0,20,23,0,21,0,0,0,1,0,0,1
41,0,94,4.3,0,0,3,9,2,27,0,7,0,0,3,0,3
42,0,43,4.0,0,0,22,13,1,16,0,18,1,3,3,1,5
70,0,54,3.9,0,0,33,22,0,26,2,0,1,0,0,1,0
63,0,51,3.3,0,0,21,7,0,27,0,15,2,4,0,1,0
60,0,85,2.6,0,0,7,16,1,47,1,4,0,0,0,0,0
28,0,96,4.2,0,0,46,8,0,26,0,12,0,4,2,2,3
60,0,42,3.4,0,0,24,7,0,38,0,15,1,4,0,1,0
26,0,63,4.1,0,0,6,18,0,7,0,11,2,0,1,2,4
42,0,20,3.9,0,0,40,15,0,19,0,17,2,1,1,3,3
56,0,25,2.8,0,0,17,14,0,8,0,18,0,3,0,2,5
35,0,95,2.6,0,0,24,12,0,32,0,1,0,1,1,0,2
34,0,38,4.0,0,0,22,7,0,32,2,16,0,0,2,0,2
47,0,29,4.9,0,0,3,13,1,18,0,2,0,2,0,3,5
49,0,64,3.2,0,0,39,20,0,29,0,16,2,4,1,0,4
37,0,92,3.9,0,0,40,11,0,13,1,2,1,0,0,2,4
40,0,34,2.7,0,0,1,15,0,14,0,3,0,3,0,1,4
45,0,69,3.4,0,0,14,19,1,44,0,21,0,0,3,4,0
57,0,65,3.5,0,0,49,4,0,0,1,23,0,2,0,0,0
35,0,81,2.6,0,0,33,15,0,25,2,7,2,1,3,2,0
36,0,30,4.7,0,0,6,4,0,4,0,14,2,0,1,0,4
35,0,86,3.5,0,0,5,11,0,20,0,8,1,0,3,3,2
21,0,64,3.3,0,0,29,7,0,19,0,22,0,0,4,0,0
66,0,78,3.9,0,0,44,18,0,5,0,22,0,0,0,1,1
40,0,28,4.2,0,0,32,8,0,44,0,20,1,0,0,4,5
52,0,49,4.5,0,0,41,0,0,13,0,22,0,3,4,0,0
46,0,33,2.9,0,0,24,0,0,28,0,7,0,1,3,4,4
44,0,77,3.8,0,0,24,16,1,21,1,2,1,3,0,4,5
52,0,81,3.1,0,0,33,6,0,3,0,0,0,0,4,4,4
